"software_id","software_name","task_id","task_name","metric","sum","unit","type","uri","branch","filename","phase","machine_id","machine_name","created_at","run_id","run_created_at"
27,"brotli",103,"Compress/Uncompress [ALL]","cpu_energy_rapl_msr_component",3368391692,"uJ","TOTAL","https://github.com/green-coding-solutions/SEBOM","main","compression/usage_scenario-brotli.yml","[RUNTIME]",13,"High Performance (DVFS OFF, TB OFF, HT OFF) - TX1330 M4 [PREMIUM]","2026-06-02 13:59:05.949992+02","8e93a8d2-60b0-4831-905b-764b68257bc7","2026-05-28 08:28:35.053585+02"
27,"brotli",103,"Compress/Uncompress [ALL]","custom_compressed_mb",111,"MB","TOTAL","https://github.com/green-coding-solutions/SEBOM","main","compression/usage_scenario-brotli.yml","[RUNTIME]",13,"High Performance (DVFS OFF, TB OFF, HT OFF) - TX1330 M4 [PREMIUM]","2026-06-02 13:59:05.949992+02","8e93a8d2-60b0-4831-905b-764b68257bc7","2026-05-28 08:28:35.053585+02"
27,"brotli",103,"Compress/Uncompress [ALL]","custom_compressed_mb_sci_global",26428,"ugCO2e/MB","TOTAL","https://github.com/green-coding-solutions/SEBOM","main","compression/usage_scenario-brotli.yml","[RUNTIME]",13,"High Performance (DVFS OFF, TB OFF, HT OFF) - TX1330 M4 [PREMIUM]","2026-06-02 13:59:05.949992+02","8e93a8d2-60b0-4831-905b-764b68257bc7","2026-05-28 08:28:35.053585+02"
27,"brotli",103,"Compress/Uncompress [ALL]","custom_uncompressed_mb",111,"MB","TOTAL","https://github.com/green-coding-solutions/SEBOM","main","compression/usage_scenario-brotli.yml","[RUNTIME]",13,"High Performance (DVFS OFF, TB OFF, HT OFF) - TX1330 M4 [PREMIUM]","2026-06-02 13:59:05.949992+02","8e93a8d2-60b0-4831-905b-764b68257bc7","2026-05-28 08:28:35.053585+02"
27,"brotli",103,"Compress/Uncompress [ALL]","custom_uncompressed_mb_sci_global",1023,"ugCO2e/MB","TOTAL","https://github.com/green-coding-solutions/SEBOM","main","compression/usage_scenario-brotli.yml","[RUNTIME]",13,"High Performance (DVFS OFF, TB OFF, HT OFF) - TX1330 M4 [PREMIUM]","2026-06-02 13:59:05.949992+02","8e93a8d2-60b0-4831-905b-764b68257bc7","2026-05-28 08:28:35.053585+02"
27,"brotli",103,"Compress/Uncompress [ALL]","phase_time_syscall_system",237713386,"us","TOTAL","https://github.com/green-coding-solutions/SEBOM","main","compression/usage_scenario-brotli.yml","[RUNTIME]",13,"High Performance (DVFS OFF, TB OFF, HT OFF) - TX1330 M4 [PREMIUM]","2026-06-02 13:59:05.949992+02","8e93a8d2-60b0-4831-905b-764b68257bc7","2026-05-28 08:28:35.053585+02"
27,"brotli",103,"Compress/Uncompress [ALL]","psu_energy_ac_mcp_machine",8183631281,"uJ","TOTAL","https://github.com/green-coding-solutions/SEBOM","main","compression/usage_scenario-brotli.yml","[RUNTIME]",13,"High Performance (DVFS OFF, TB OFF, HT OFF) - TX1330 M4 [PREMIUM]","2026-06-02 13:59:05.949992+02","8e93a8d2-60b0-4831-905b-764b68257bc7","2026-05-28 08:28:35.053585+02"
27,"brotli",104,"Compress 1 MB","cpu_energy_rapl_msr_component",31182850,"uJ","TOTAL","https://github.com/green-coding-solutions/SEBOM","main","compression/usage_scenario-brotli.yml","Compress 1 MB",13,"High Performance (DVFS OFF, TB OFF, HT OFF) - TX1330 M4 [PREMIUM]","2026-06-02 13:59:05.949992+02","8e93a8d2-60b0-4831-905b-764b68257bc7","2026-05-28 08:28:35.053585+02"
27,"brotli",104,"Compress 1 MB","custom_compressed_mb",1,"MB","TOTAL","https://github.com/green-coding-solutions/SEBOM","main","compression/usage_scenario-brotli.yml","Compress 1 MB",13,"High Performance (DVFS OFF, TB OFF, HT OFF) - TX1330 M4 [PREMIUM]","2026-06-02 13:59:05.949992+02","8e93a8d2-60b0-4831-905b-764b68257bc7","2026-05-28 08:28:35.053585+02"
27,"brotli",104,"Compress 1 MB","custom_compressed_mb_sci_global",8995,"ugCO2e/MB","TOTAL","https://github.com/green-coding-solutions/SEBOM","main","compression/usage_scenario-brotli.yml","Compress 1 MB",13,"High Performance (DVFS OFF, TB OFF, HT OFF) - TX1330 M4 [PREMIUM]","2026-06-02 13:59:05.949992+02","8e93a8d2-60b0-4831-905b-764b68257bc7","2026-05-28 08:28:35.053585+02"
27,"brotli",104,"Compress 1 MB","phase_time_syscall_system",2152728,"us","TOTAL","https://github.com/green-coding-solutions/SEBOM","main","compression/usage_scenario-brotli.yml","Compress 1 MB",13,"High Performance (DVFS OFF, TB OFF, HT OFF) - TX1330 M4 [PREMIUM]","2026-06-02 13:59:05.949992+02","8e93a8d2-60b0-4831-905b-764b68257bc7","2026-05-28 08:28:35.053585+02"
27,"brotli",104,"Compress 1 MB","psu_energy_ac_mcp_machine",76745402,"uJ","TOTAL","https://github.com/green-coding-solutions/SEBOM","main","compression/usage_scenario-brotli.yml","Compress 1 MB",13,"High Performance (DVFS OFF, TB OFF, HT OFF) - TX1330 M4 [PREMIUM]","2026-06-02 13:59:05.949992+02","8e93a8d2-60b0-4831-905b-764b68257bc7","2026-05-28 08:28:35.053585+02"
27,"brotli",105,"Compress 10 MB","cpu_energy_rapl_msr_component",305095904,"uJ","TOTAL","https://github.com/green-coding-solutions/SEBOM","main","compression/usage_scenario-brotli.yml","Compress 10 MB",13,"High Performance (DVFS OFF, TB OFF, HT OFF) - TX1330 M4 [PREMIUM]","2026-06-02 13:59:05.949992+02","8e93a8d2-60b0-4831-905b-764b68257bc7","2026-05-28 08:28:35.053585+02"
27,"brotli",105,"Compress 10 MB","custom_compressed_mb",10,"MB","TOTAL","https://github.com/green-coding-solutions/SEBOM","main","compression/usage_scenario-brotli.yml","Compress 10 MB",13,"High Performance (DVFS OFF, TB OFF, HT OFF) - TX1330 M4 [PREMIUM]","2026-06-02 13:59:05.949992+02","8e93a8d2-60b0-4831-905b-764b68257bc7","2026-05-28 08:28:35.053585+02"
27,"brotli",105,"Compress 10 MB","custom_compressed_mb_sci_global",8729,"ugCO2e/MB","TOTAL","https://github.com/green-coding-solutions/SEBOM","main","compression/usage_scenario-brotli.yml","Compress 10 MB",13,"High Performance (DVFS OFF, TB OFF, HT OFF) - TX1330 M4 [PREMIUM]","2026-06-02 13:59:05.949992+02","8e93a8d2-60b0-4831-905b-764b68257bc7","2026-05-28 08:28:35.053585+02"
27,"brotli",105,"Compress 10 MB","phase_time_syscall_system",21341017,"us","TOTAL","https://github.com/green-coding-solutions/SEBOM","main","compression/usage_scenario-brotli.yml","Compress 10 MB",13,"High Performance (DVFS OFF, TB OFF, HT OFF) - TX1330 M4 [PREMIUM]","2026-06-02 13:59:05.949992+02","8e93a8d2-60b0-4831-905b-764b68257bc7","2026-05-28 08:28:35.053585+02"
27,"brotli",105,"Compress 10 MB","psu_energy_ac_mcp_machine",736431889,"uJ","TOTAL","https://github.com/green-coding-solutions/SEBOM","main","compression/usage_scenario-brotli.yml","Compress 10 MB",13,"High Performance (DVFS OFF, TB OFF, HT OFF) - TX1330 M4 [PREMIUM]","2026-06-02 13:59:05.949992+02","8e93a8d2-60b0-4831-905b-764b68257bc7","2026-05-28 08:28:35.053585+02"
27,"brotli",106,"Compress 100 MB","cpu_energy_rapl_msr_component",3019303557,"uJ","TOTAL","https://github.com/green-coding-solutions/SEBOM","main","compression/usage_scenario-brotli.yml","Compress 100 MB",13,"High Performance (DVFS OFF, TB OFF, HT OFF) - TX1330 M4 [PREMIUM]","2026-06-02 13:59:05.949992+02","8e93a8d2-60b0-4831-905b-764b68257bc7","2026-05-28 08:28:35.053585+02"
27,"brotli",106,"Compress 100 MB","custom_compressed_mb",100,"MB","TOTAL","https://github.com/green-coding-solutions/SEBOM","main","compression/usage_scenario-brotli.yml","Compress 100 MB",13,"High Performance (DVFS OFF, TB OFF, HT OFF) - TX1330 M4 [PREMIUM]","2026-06-02 13:59:05.949992+02","8e93a8d2-60b0-4831-905b-764b68257bc7","2026-05-28 08:28:35.053585+02"
27,"brotli",106,"Compress 100 MB","custom_compressed_mb_sci_global",8704,"ugCO2e/MB","TOTAL","https://github.com/green-coding-solutions/SEBOM","main","compression/usage_scenario-brotli.yml","Compress 100 MB",13,"High Performance (DVFS OFF, TB OFF, HT OFF) - TX1330 M4 [PREMIUM]","2026-06-02 13:59:05.949992+02","8e93a8d2-60b0-4831-905b-764b68257bc7","2026-05-28 08:28:35.053585+02"
27,"brotli",106,"Compress 100 MB","phase_time_syscall_system",213218217,"us","TOTAL","https://github.com/green-coding-solutions/SEBOM","main","compression/usage_scenario-brotli.yml","Compress 100 MB",13,"High Performance (DVFS OFF, TB OFF, HT OFF) - TX1330 M4 [PREMIUM]","2026-06-02 13:59:05.949992+02","8e93a8d2-60b0-4831-905b-764b68257bc7","2026-05-28 08:28:35.053585+02"
27,"brotli",106,"Compress 100 MB","psu_energy_ac_mcp_machine",7335557715,"uJ","TOTAL","https://github.com/green-coding-solutions/SEBOM","main","compression/usage_scenario-brotli.yml","Compress 100 MB",13,"High Performance (DVFS OFF, TB OFF, HT OFF) - TX1330 M4 [PREMIUM]","2026-06-02 13:59:05.949992+02","8e93a8d2-60b0-4831-905b-764b68257bc7","2026-05-28 08:28:35.053585+02"
27,"brotli",107,"Uncompress 1 MB","cpu_energy_rapl_msr_component",3201110,"uJ","TOTAL","https://github.com/green-coding-solutions/SEBOM","main","compression/usage_scenario-brotli.yml","Uncompress 1 MB",13,"High Performance (DVFS OFF, TB OFF, HT OFF) - TX1330 M4 [PREMIUM]","2026-06-02 13:59:05.949992+02","8e93a8d2-60b0-4831-905b-764b68257bc7","2026-05-28 08:28:35.053585+02"
27,"brotli",107,"Uncompress 1 MB","custom_uncompressed_mb",1,"MB","TOTAL","https://github.com/green-coding-solutions/SEBOM","main","compression/usage_scenario-brotli.yml","Uncompress 1 MB",13,"High Performance (DVFS OFF, TB OFF, HT OFF) - TX1330 M4 [PREMIUM]","2026-06-02 13:59:05.949992+02","8e93a8d2-60b0-4831-905b-764b68257bc7","2026-05-28 08:28:35.053585+02"
27,"brotli",107,"Uncompress 1 MB","custom_uncompressed_mb_sci_global",900,"ugCO2e/MB","TOTAL","https://github.com/green-coding-solutions/SEBOM","main","compression/usage_scenario-brotli.yml","Uncompress 1 MB",13,"High Performance (DVFS OFF, TB OFF, HT OFF) - TX1330 M4 [PREMIUM]","2026-06-02 13:59:05.949992+02","8e93a8d2-60b0-4831-905b-764b68257bc7","2026-05-28 08:28:35.053585+02"
27,"brotli",107,"Uncompress 1 MB","phase_time_syscall_system",208949,"us","TOTAL","https://github.com/green-coding-solutions/SEBOM","main","compression/usage_scenario-brotli.yml","Uncompress 1 MB",13,"High Performance (DVFS OFF, TB OFF, HT OFF) - TX1330 M4 [PREMIUM]","2026-06-02 13:59:05.949992+02","8e93a8d2-60b0-4831-905b-764b68257bc7","2026-05-28 08:28:35.053585+02"
27,"brotli",107,"Uncompress 1 MB","psu_energy_ac_mcp_machine",7788598,"uJ","TOTAL","https://github.com/green-coding-solutions/SEBOM","main","compression/usage_scenario-brotli.yml","Uncompress 1 MB",13,"High Performance (DVFS OFF, TB OFF, HT OFF) - TX1330 M4 [PREMIUM]","2026-06-02 13:59:05.949992+02","8e93a8d2-60b0-4831-905b-764b68257bc7","2026-05-28 08:28:35.053585+02"
27,"brotli",108,"Uncompress 10 MB","cpu_energy_rapl_msr_component",2895689,"uJ","TOTAL","https://github.com/green-coding-solutions/SEBOM","main","compression/usage_scenario-brotli.yml","Uncompress 10 MB",13,"High Performance (DVFS OFF, TB OFF, HT OFF) - TX1330 M4 [PREMIUM]","2026-06-02 13:59:05.949992+02","8e93a8d2-60b0-4831-905b-764b68257bc7","2026-05-28 08:28:35.053585+02"
27,"brotli",108,"Uncompress 10 MB","custom_uncompressed_mb",10,"MB","TOTAL","https://github.com/green-coding-solutions/SEBOM","main","compression/usage_scenario-brotli.yml","Uncompress 10 MB",13,"High Performance (DVFS OFF, TB OFF, HT OFF) - TX1330 M4 [PREMIUM]","2026-06-02 13:59:05.949992+02","8e93a8d2-60b0-4831-905b-764b68257bc7","2026-05-28 08:28:35.053585+02"
27,"brotli",108,"Uncompress 10 MB","custom_uncompressed_mb_sci_global",101,"ugCO2e/MB","TOTAL","https://github.com/green-coding-solutions/SEBOM","main","compression/usage_scenario-brotli.yml","Uncompress 10 MB",13,"High Performance (DVFS OFF, TB OFF, HT OFF) - TX1330 M4 [PREMIUM]","2026-06-02 13:59:05.949992+02","8e93a8d2-60b0-4831-905b-764b68257bc7","2026-05-28 08:28:35.053585+02"
27,"brotli",108,"Uncompress 10 MB","phase_time_syscall_system",251131,"us","TOTAL","https://github.com/green-coding-solutions/SEBOM","main","compression/usage_scenario-brotli.yml","Uncompress 10 MB",13,"High Performance (DVFS OFF, TB OFF, HT OFF) - TX1330 M4 [PREMIUM]","2026-06-02 13:59:05.949992+02","8e93a8d2-60b0-4831-905b-764b68257bc7","2026-05-28 08:28:35.053585+02"
27,"brotli",108,"Uncompress 10 MB","psu_energy_ac_mcp_machine",8402631,"uJ","TOTAL","https://github.com/green-coding-solutions/SEBOM","main","compression/usage_scenario-brotli.yml","Uncompress 10 MB",13,"High Performance (DVFS OFF, TB OFF, HT OFF) - TX1330 M4 [PREMIUM]","2026-06-02 13:59:05.949992+02","8e93a8d2-60b0-4831-905b-764b68257bc7","2026-05-28 08:28:35.053585+02"
27,"brotli",109,"Uncompress 100 MB","cpu_energy_rapl_msr_component",6712582,"uJ","TOTAL","https://github.com/green-coding-solutions/SEBOM","main","compression/usage_scenario-brotli.yml","Uncompress 100 MB",13,"High Performance (DVFS OFF, TB OFF, HT OFF) - TX1330 M4 [PREMIUM]","2026-06-02 13:59:05.949992+02","8e93a8d2-60b0-4831-905b-764b68257bc7","2026-05-28 08:28:35.053585+02"
27,"brotli",109,"Uncompress 100 MB","custom_uncompressed_mb",100,"MB","TOTAL","https://github.com/green-coding-solutions/SEBOM","main","compression/usage_scenario-brotli.yml","Uncompress 100 MB",13,"High Performance (DVFS OFF, TB OFF, HT OFF) - TX1330 M4 [PREMIUM]","2026-06-02 13:59:05.949992+02","8e93a8d2-60b0-4831-905b-764b68257bc7","2026-05-28 08:28:35.053585+02"
27,"brotli",109,"Uncompress 100 MB","custom_uncompressed_mb_sci_global",22,"ugCO2e/MB","TOTAL","https://github.com/green-coding-solutions/SEBOM","main","compression/usage_scenario-brotli.yml","Uncompress 100 MB",13,"High Performance (DVFS OFF, TB OFF, HT OFF) - TX1330 M4 [PREMIUM]","2026-06-02 13:59:05.949992+02","8e93a8d2-60b0-4831-905b-764b68257bc7","2026-05-28 08:28:35.053585+02"
27,"brotli",109,"Uncompress 100 MB","phase_time_syscall_system",541344,"us","TOTAL","https://github.com/green-coding-solutions/SEBOM","main","compression/usage_scenario-brotli.yml","Uncompress 100 MB",13,"High Performance (DVFS OFF, TB OFF, HT OFF) - TX1330 M4 [PREMIUM]","2026-06-02 13:59:05.949992+02","8e93a8d2-60b0-4831-905b-764b68257bc7","2026-05-28 08:28:35.053585+02"
27,"brotli",109,"Uncompress 100 MB","psu_energy_ac_mcp_machine",18705046,"uJ","TOTAL","https://github.com/green-coding-solutions/SEBOM","main","compression/usage_scenario-brotli.yml","Uncompress 100 MB",13,"High Performance (DVFS OFF, TB OFF, HT OFF) - TX1330 M4 [PREMIUM]","2026-06-02 13:59:05.949992+02","8e93a8d2-60b0-4831-905b-764b68257bc7","2026-05-28 08:28:35.053585+02"
45,"Browser Animation Rendering Cost (CSS vs JS)",194,"CSS Animation - Clean (Run Only)","cpu_energy_rapl_msr_component",144931974,"uJ","TOTAL","https://github.com/green-coding-solutions/green-ai-training","main","benchmarks/browser/animation/usage_scenario-css.yml","Run animation for 20 seconds",12,"GUI Applications (DVFS OFF, TB OFF, HT OFF) - TX1330 M3 [PREMIUM]","2026-09-07 12:02:50.261091+02","58ee50a2-7110-4418-beea-df6ffba5425a","2026-06-11 10:11:49.917623+02"
45,"Browser Animation Rendering Cost (CSS vs JS)",194,"CSS Animation - Clean (Run Only)","phase_time_syscall_system",20162046,"us","TOTAL","https://github.com/green-coding-solutions/green-ai-training","main","benchmarks/browser/animation/usage_scenario-css.yml","Run animation for 20 seconds",12,"GUI Applications (DVFS OFF, TB OFF, HT OFF) - TX1330 M3 [PREMIUM]","2026-09-07 12:02:50.261091+02","58ee50a2-7110-4418-beea-df6ffba5425a","2026-06-11 10:11:49.917623+02"
45,"Browser Animation Rendering Cost (CSS vs JS)",194,"CSS Animation - Clean (Run Only)","psu_energy_ac_mcp_machine",763975964,"uJ","TOTAL","https://github.com/green-coding-solutions/green-ai-training","main","benchmarks/browser/animation/usage_scenario-css.yml","Run animation for 20 seconds",12,"GUI Applications (DVFS OFF, TB OFF, HT OFF) - TX1330 M3 [PREMIUM]","2026-09-07 12:02:50.261091+02","58ee50a2-7110-4418-beea-df6ffba5425a","2026-06-11 10:11:49.917623+02"
45,"Browser Animation Rendering Cost (CSS vs JS)",195,"CSS Animation [ALL]","cpu_energy_rapl_msr_component",146608609,"uJ","TOTAL","https://github.com/green-coding-solutions/green-ai-training","main","benchmarks/browser/animation/usage_scenario-css.yml","[RUNTIME]",12,"GUI Applications (DVFS OFF, TB OFF, HT OFF) - TX1330 M3 [PREMIUM]","2026-09-07 12:02:50.261091+02","58ee50a2-7110-4418-beea-df6ffba5425a","2026-06-11 10:11:49.917623+02"
45,"Browser Animation Rendering Cost (CSS vs JS)",195,"CSS Animation [ALL]","custom_animation_frames",1367,"Frames rendered","TOTAL","https://github.com/green-coding-solutions/green-ai-training","main","benchmarks/browser/animation/usage_scenario-css.yml","[RUNTIME]",12,"GUI Applications (DVFS OFF, TB OFF, HT OFF) - TX1330 M3 [PREMIUM]","2026-09-07 12:02:50.261091+02","58ee50a2-7110-4418-beea-df6ffba5425a","2026-06-11 10:11:49.917623+02"
45,"Browser Animation Rendering Cost (CSS vs JS)",195,"CSS Animation [ALL]","custom_animation_frames_sci_global",1,"ugCO2e/Frames rendered","TOTAL","https://github.com/green-coding-solutions/green-ai-training","main","benchmarks/browser/animation/usage_scenario-css.yml","[RUNTIME]",12,"GUI Applications (DVFS OFF, TB OFF, HT OFF) - TX1330 M3 [PREMIUM]","2026-09-07 12:02:50.261091+02","58ee50a2-7110-4418-beea-df6ffba5425a","2026-06-11 10:11:49.917623+02"
45,"Browser Animation Rendering Cost (CSS vs JS)",195,"CSS Animation [ALL]","phase_time_syscall_system",20388617,"us","TOTAL","https://github.com/green-coding-solutions/green-ai-training","main","benchmarks/browser/animation/usage_scenario-css.yml","[RUNTIME]",12,"GUI Applications (DVFS OFF, TB OFF, HT OFF) - TX1330 M3 [PREMIUM]","2026-09-07 12:02:50.261091+02","58ee50a2-7110-4418-beea-df6ffba5425a","2026-06-11 10:11:49.917623+02"
45,"Browser Animation Rendering Cost (CSS vs JS)",195,"CSS Animation [ALL]","psu_energy_ac_mcp_machine",771614268,"uJ","TOTAL","https://github.com/green-coding-solutions/green-ai-training","main","benchmarks/browser/animation/usage_scenario-css.yml","[RUNTIME]",12,"GUI Applications (DVFS OFF, TB OFF, HT OFF) - TX1330 M3 [PREMIUM]","2026-09-07 12:02:50.261091+02","58ee50a2-7110-4418-beea-df6ffba5425a","2026-06-11 10:11:49.917623+02"
45,"Browser Animation Rendering Cost (CSS vs JS)",196,"JS Animation - Clean (Run Only)","cpu_energy_rapl_msr_component",161466336,"uJ","TOTAL","https://github.com/green-coding-solutions/green-ai-training","main","benchmarks/browser/animation/usage_scenario-js.yml","Run animation for 20 seconds",12,"GUI Applications (DVFS OFF, TB OFF, HT OFF) - TX1330 M3 [PREMIUM]","2026-09-07 12:02:50.261091+02","4a2085fd-6f43-4f26-a3ee-2a6fcd7db594","2026-06-11 10:17:56.409504+02"
45,"Browser Animation Rendering Cost (CSS vs JS)",196,"JS Animation - Clean (Run Only)","phase_time_syscall_system",20166331,"us","TOTAL","https://github.com/green-coding-solutions/green-ai-training","main","benchmarks/browser/animation/usage_scenario-js.yml","Run animation for 20 seconds",12,"GUI Applications (DVFS OFF, TB OFF, HT OFF) - TX1330 M3 [PREMIUM]","2026-09-07 12:02:50.261091+02","4a2085fd-6f43-4f26-a3ee-2a6fcd7db594","2026-06-11 10:17:56.409504+02"
45,"Browser Animation Rendering Cost (CSS vs JS)",196,"JS Animation - Clean (Run Only)","psu_energy_ac_mcp_machine",789857509,"uJ","TOTAL","https://github.com/green-coding-solutions/green-ai-training","main","benchmarks/browser/animation/usage_scenario-js.yml","Run animation for 20 seconds",12,"GUI Applications (DVFS OFF, TB OFF, HT OFF) - TX1330 M3 [PREMIUM]","2026-09-07 12:02:50.261091+02","4a2085fd-6f43-4f26-a3ee-2a6fcd7db594","2026-06-11 10:17:56.409504+02"
45,"Browser Animation Rendering Cost (CSS vs JS)",197,"JS Animation [ALL]","cpu_energy_rapl_msr_component",163063503,"uJ","TOTAL","https://github.com/green-coding-solutions/green-ai-training","main","benchmarks/browser/animation/usage_scenario-js.yml","[RUNTIME]",12,"GUI Applications (DVFS OFF, TB OFF, HT OFF) - TX1330 M3 [PREMIUM]","2026-09-07 12:02:50.261091+02","4a2085fd-6f43-4f26-a3ee-2a6fcd7db594","2026-06-11 10:17:56.409504+02"
45,"Browser Animation Rendering Cost (CSS vs JS)",197,"JS Animation [ALL]","custom_animation_frames",1366,"Frames rendered","TOTAL","https://github.com/green-coding-solutions/green-ai-training","main","benchmarks/browser/animation/usage_scenario-js.yml","[RUNTIME]",12,"GUI Applications (DVFS OFF, TB OFF, HT OFF) - TX1330 M3 [PREMIUM]","2026-09-07 12:02:50.261091+02","4a2085fd-6f43-4f26-a3ee-2a6fcd7db594","2026-06-11 10:17:56.409504+02"
45,"Browser Animation Rendering Cost (CSS vs JS)",197,"JS Animation [ALL]","custom_animation_frames_sci_global",1,"ugCO2e/Frames rendered","TOTAL","https://github.com/green-coding-solutions/green-ai-training","main","benchmarks/browser/animation/usage_scenario-js.yml","[RUNTIME]",12,"GUI Applications (DVFS OFF, TB OFF, HT OFF) - TX1330 M3 [PREMIUM]","2026-09-07 12:02:50.261091+02","4a2085fd-6f43-4f26-a3ee-2a6fcd7db594","2026-06-11 10:17:56.409504+02"
45,"Browser Animation Rendering Cost (CSS vs JS)",197,"JS Animation [ALL]","phase_time_syscall_system",20402830,"us","TOTAL","https://github.com/green-coding-solutions/green-ai-training","main","benchmarks/browser/animation/usage_scenario-js.yml","[RUNTIME]",12,"GUI Applications (DVFS OFF, TB OFF, HT OFF) - TX1330 M3 [PREMIUM]","2026-09-07 12:02:50.261091+02","4a2085fd-6f43-4f26-a3ee-2a6fcd7db594","2026-06-11 10:17:56.409504+02"
45,"Browser Animation Rendering Cost (CSS vs JS)",197,"JS Animation [ALL]","psu_energy_ac_mcp_machine",798545132,"uJ","TOTAL","https://github.com/green-coding-solutions/green-ai-training","main","benchmarks/browser/animation/usage_scenario-js.yml","[RUNTIME]",12,"GUI Applications (DVFS OFF, TB OFF, HT OFF) - TX1330 M3 [PREMIUM]","2026-09-07 12:02:50.261091+02","4a2085fd-6f43-4f26-a3ee-2a6fcd7db594","2026-06-11 10:17:56.409504+02"
26,"bzip2",96,"Compress/Uncompress [ALL]","cpu_energy_rapl_msr_component",186479122,"uJ","TOTAL","https://github.com/green-coding-solutions/SEBOM","main","compression/usage_scenario-bzip2.yml","[RUNTIME]",13,"High Performance (DVFS OFF, TB OFF, HT OFF) - TX1330 M4 [PREMIUM]","2026-06-02 13:59:05.949992+02","f1479db0-c453-4aaa-9116-e137621fad07","2026-05-27 13:18:37.149148+02"
26,"bzip2",96,"Compress/Uncompress [ALL]","custom_compressed_mb",111,"MB","TOTAL","https://github.com/green-coding-solutions/SEBOM","main","compression/usage_scenario-bzip2.yml","[RUNTIME]",13,"High Performance (DVFS OFF, TB OFF, HT OFF) - TX1330 M4 [PREMIUM]","2026-06-02 13:59:05.949992+02","f1479db0-c453-4aaa-9116-e137621fad07","2026-05-27 13:18:37.149148+02"
26,"bzip2",96,"Compress/Uncompress [ALL]","custom_compressed_mb_sci_global",1062,"ugCO2e/MB","TOTAL","https://github.com/green-coding-solutions/SEBOM","main","compression/usage_scenario-bzip2.yml","[RUNTIME]",13,"High Performance (DVFS OFF, TB OFF, HT OFF) - TX1330 M4 [PREMIUM]","2026-06-02 13:59:05.949992+02","f1479db0-c453-4aaa-9116-e137621fad07","2026-05-27 13:18:37.149148+02"
26,"bzip2",96,"Compress/Uncompress [ALL]","custom_uncompressed_mb",111,"MB","TOTAL","https://github.com/green-coding-solutions/SEBOM","main","compression/usage_scenario-bzip2.yml","[RUNTIME]",13,"High Performance (DVFS OFF, TB OFF, HT OFF) - TX1330 M4 [PREMIUM]","2026-06-02 13:59:05.949992+02","f1479db0-c453-4aaa-9116-e137621fad07","2026-05-27 13:18:37.149148+02"
26,"bzip2",96,"Compress/Uncompress [ALL]","custom_uncompressed_mb_sci_global",828,"ugCO2e/MB","TOTAL","https://github.com/green-coding-solutions/SEBOM","main","compression/usage_scenario-bzip2.yml","[RUNTIME]",13,"High Performance (DVFS OFF, TB OFF, HT OFF) - TX1330 M4 [PREMIUM]","2026-06-02 13:59:05.949992+02","f1479db0-c453-4aaa-9116-e137621fad07","2026-05-27 13:18:37.149148+02"
26,"bzip2",96,"Compress/Uncompress [ALL]","phase_time_syscall_system",13187563,"us","TOTAL","https://github.com/green-coding-solutions/SEBOM","main","compression/usage_scenario-bzip2.yml","[RUNTIME]",13,"High Performance (DVFS OFF, TB OFF, HT OFF) - TX1330 M4 [PREMIUM]","2026-06-02 13:59:05.949992+02","f1479db0-c453-4aaa-9116-e137621fad07","2026-05-27 13:18:37.149148+02"
26,"bzip2",96,"Compress/Uncompress [ALL]","psu_energy_ac_mcp_machine",449000704,"uJ","TOTAL","https://github.com/green-coding-solutions/SEBOM","main","compression/usage_scenario-bzip2.yml","[RUNTIME]",13,"High Performance (DVFS OFF, TB OFF, HT OFF) - TX1330 M4 [PREMIUM]","2026-06-02 13:59:05.949992+02","f1479db0-c453-4aaa-9116-e137621fad07","2026-05-27 13:18:37.149148+02"
26,"bzip2",97,"Compress 1 MB","cpu_energy_rapl_msr_component",3515745,"uJ","TOTAL","https://github.com/green-coding-solutions/SEBOM","main","compression/usage_scenario-bzip2.yml","Compress 1 MB",13,"High Performance (DVFS OFF, TB OFF, HT OFF) - TX1330 M4 [PREMIUM]","2026-06-02 13:59:05.949992+02","f1479db0-c453-4aaa-9116-e137621fad07","2026-05-27 13:18:37.149148+02"
26,"bzip2",97,"Compress 1 MB","custom_compressed_mb",1,"MB","TOTAL","https://github.com/green-coding-solutions/SEBOM","main","compression/usage_scenario-bzip2.yml","Compress 1 MB",13,"High Performance (DVFS OFF, TB OFF, HT OFF) - TX1330 M4 [PREMIUM]","2026-06-02 13:59:05.949992+02","f1479db0-c453-4aaa-9116-e137621fad07","2026-05-27 13:18:37.149148+02"
26,"bzip2",97,"Compress 1 MB","custom_compressed_mb_sci_global",665,"ugCO2e/MB","TOTAL","https://github.com/green-coding-solutions/SEBOM","main","compression/usage_scenario-bzip2.yml","Compress 1 MB",13,"High Performance (DVFS OFF, TB OFF, HT OFF) - TX1330 M4 [PREMIUM]","2026-06-02 13:59:05.949992+02","f1479db0-c453-4aaa-9116-e137621fad07","2026-05-27 13:18:37.149148+02"
26,"bzip2",97,"Compress 1 MB","phase_time_syscall_system",290098,"us","TOTAL","https://github.com/green-coding-solutions/SEBOM","main","compression/usage_scenario-bzip2.yml","Compress 1 MB",13,"High Performance (DVFS OFF, TB OFF, HT OFF) - TX1330 M4 [PREMIUM]","2026-06-02 13:59:05.949992+02","f1479db0-c453-4aaa-9116-e137621fad07","2026-05-27 13:18:37.149148+02"
26,"bzip2",97,"Compress 1 MB","psu_energy_ac_mcp_machine",9110327,"uJ","TOTAL","https://github.com/green-coding-solutions/SEBOM","main","compression/usage_scenario-bzip2.yml","Compress 1 MB",13,"High Performance (DVFS OFF, TB OFF, HT OFF) - TX1330 M4 [PREMIUM]","2026-06-02 13:59:05.949992+02","f1479db0-c453-4aaa-9116-e137621fad07","2026-05-27 13:18:37.149148+02"
26,"bzip2",98,"Compress 10 MB","cpu_energy_rapl_msr_component",13600398,"uJ","TOTAL","https://github.com/green-coding-solutions/SEBOM","main","compression/usage_scenario-bzip2.yml","Compress 10 MB",13,"High Performance (DVFS OFF, TB OFF, HT OFF) - TX1330 M4 [PREMIUM]","2026-06-02 13:59:05.949992+02","f1479db0-c453-4aaa-9116-e137621fad07","2026-05-27 13:18:37.149148+02"
26,"bzip2",98,"Compress 10 MB","custom_compressed_mb",10,"MB","TOTAL","https://github.com/green-coding-solutions/SEBOM","main","compression/usage_scenario-bzip2.yml","Compress 10 MB",13,"High Performance (DVFS OFF, TB OFF, HT OFF) - TX1330 M4 [PREMIUM]","2026-06-02 13:59:05.949992+02","f1479db0-c453-4aaa-9116-e137621fad07","2026-05-27 13:18:37.149148+02"
26,"bzip2",98,"Compress 10 MB","custom_compressed_mb_sci_global",221,"ugCO2e/MB","TOTAL","https://github.com/green-coding-solutions/SEBOM","main","compression/usage_scenario-bzip2.yml","Compress 10 MB",13,"High Performance (DVFS OFF, TB OFF, HT OFF) - TX1330 M4 [PREMIUM]","2026-06-02 13:59:05.949992+02","f1479db0-c453-4aaa-9116-e137621fad07","2026-05-27 13:18:37.149148+02"
26,"bzip2",98,"Compress 10 MB","phase_time_syscall_system",964090,"us","TOTAL","https://github.com/green-coding-solutions/SEBOM","main","compression/usage_scenario-bzip2.yml","Compress 10 MB",13,"High Performance (DVFS OFF, TB OFF, HT OFF) - TX1330 M4 [PREMIUM]","2026-06-02 13:59:05.949992+02","f1479db0-c453-4aaa-9116-e137621fad07","2026-05-27 13:18:37.149148+02"
26,"bzip2",98,"Compress 10 MB","psu_energy_ac_mcp_machine",30513332,"uJ","TOTAL","https://github.com/green-coding-solutions/SEBOM","main","compression/usage_scenario-bzip2.yml","Compress 10 MB",13,"High Performance (DVFS OFF, TB OFF, HT OFF) - TX1330 M4 [PREMIUM]","2026-06-02 13:59:05.949992+02","f1479db0-c453-4aaa-9116-e137621fad07","2026-05-27 13:18:37.149148+02"
26,"bzip2",99,"Compress 100 MB","cpu_energy_rapl_msr_component",105753505,"uJ","TOTAL","https://github.com/green-coding-solutions/SEBOM","main","compression/usage_scenario-bzip2.yml","Compress 100 MB",13,"High Performance (DVFS OFF, TB OFF, HT OFF) - TX1330 M4 [PREMIUM]","2026-06-02 13:59:05.949992+02","f1479db0-c453-4aaa-9116-e137621fad07","2026-05-27 13:18:37.149148+02"
26,"bzip2",99,"Compress 100 MB","custom_compressed_mb",100,"MB","TOTAL","https://github.com/green-coding-solutions/SEBOM","main","compression/usage_scenario-bzip2.yml","Compress 100 MB",13,"High Performance (DVFS OFF, TB OFF, HT OFF) - TX1330 M4 [PREMIUM]","2026-06-02 13:59:05.949992+02","f1479db0-c453-4aaa-9116-e137621fad07","2026-05-27 13:18:37.149148+02"
26,"bzip2",99,"Compress 100 MB","custom_compressed_mb_sci_global",176,"ugCO2e/MB","TOTAL","https://github.com/green-coding-solutions/SEBOM","main","compression/usage_scenario-bzip2.yml","Compress 100 MB",13,"High Performance (DVFS OFF, TB OFF, HT OFF) - TX1330 M4 [PREMIUM]","2026-06-02 13:59:05.949992+02","f1479db0-c453-4aaa-9116-e137621fad07","2026-05-27 13:18:37.149148+02"
26,"bzip2",99,"Compress 100 MB","phase_time_syscall_system",7441005,"us","TOTAL","https://github.com/green-coding-solutions/SEBOM","main","compression/usage_scenario-bzip2.yml","Compress 100 MB",13,"High Performance (DVFS OFF, TB OFF, HT OFF) - TX1330 M4 [PREMIUM]","2026-06-02 13:59:05.949992+02","f1479db0-c453-4aaa-9116-e137621fad07","2026-05-27 13:18:37.149148+02"
26,"bzip2",99,"Compress 100 MB","psu_energy_ac_mcp_machine",255506519,"uJ","TOTAL","https://github.com/green-coding-solutions/SEBOM","main","compression/usage_scenario-bzip2.yml","Compress 100 MB",13,"High Performance (DVFS OFF, TB OFF, HT OFF) - TX1330 M4 [PREMIUM]","2026-06-02 13:59:05.949992+02","f1479db0-c453-4aaa-9116-e137621fad07","2026-05-27 13:18:37.149148+02"
26,"bzip2",100,"Uncompress 1 MB","cpu_energy_rapl_msr_component",3687986,"uJ","TOTAL","https://github.com/green-coding-solutions/SEBOM","main","compression/usage_scenario-bzip2.yml","Uncompress 1 MB",13,"High Performance (DVFS OFF, TB OFF, HT OFF) - TX1330 M4 [PREMIUM]","2026-06-02 13:59:05.949992+02","f1479db0-c453-4aaa-9116-e137621fad07","2026-05-27 13:18:37.149148+02"
26,"bzip2",100,"Uncompress 1 MB","custom_uncompressed_mb",1,"MB","TOTAL","https://github.com/green-coding-solutions/SEBOM","main","compression/usage_scenario-bzip2.yml","Uncompress 1 MB",13,"High Performance (DVFS OFF, TB OFF, HT OFF) - TX1330 M4 [PREMIUM]","2026-06-02 13:59:05.949992+02","f1479db0-c453-4aaa-9116-e137621fad07","2026-05-27 13:18:37.149148+02"
26,"bzip2",100,"Uncompress 1 MB","custom_uncompressed_mb_sci_global",604,"ugCO2e/MB","TOTAL","https://github.com/green-coding-solutions/SEBOM","main","compression/usage_scenario-bzip2.yml","Uncompress 1 MB",13,"High Performance (DVFS OFF, TB OFF, HT OFF) - TX1330 M4 [PREMIUM]","2026-06-02 13:59:05.949992+02","f1479db0-c453-4aaa-9116-e137621fad07","2026-05-27 13:18:37.149148+02"
26,"bzip2",100,"Uncompress 1 MB","phase_time_syscall_system",245936,"us","TOTAL","https://github.com/green-coding-solutions/SEBOM","main","compression/usage_scenario-bzip2.yml","Uncompress 1 MB",13,"High Performance (DVFS OFF, TB OFF, HT OFF) - TX1330 M4 [PREMIUM]","2026-06-02 13:59:05.949992+02","f1479db0-c453-4aaa-9116-e137621fad07","2026-05-27 13:18:37.149148+02"
26,"bzip2",100,"Uncompress 1 MB","psu_energy_ac_mcp_machine",9251504,"uJ","TOTAL","https://github.com/green-coding-solutions/SEBOM","main","compression/usage_scenario-bzip2.yml","Uncompress 1 MB",13,"High Performance (DVFS OFF, TB OFF, HT OFF) - TX1330 M4 [PREMIUM]","2026-06-02 13:59:05.949992+02","f1479db0-c453-4aaa-9116-e137621fad07","2026-05-27 13:18:37.149148+02"
26,"bzip2",101,"Uncompress 10 MB","cpu_energy_rapl_msr_component",7994382,"uJ","TOTAL","https://github.com/green-coding-solutions/SEBOM","main","compression/usage_scenario-bzip2.yml","Uncompress 10 MB",13,"High Performance (DVFS OFF, TB OFF, HT OFF) - TX1330 M4 [PREMIUM]","2026-06-02 13:59:05.949992+02","f1479db0-c453-4aaa-9116-e137621fad07","2026-05-27 13:18:37.149148+02"
26,"bzip2",101,"Uncompress 10 MB","custom_uncompressed_mb",10,"MB","TOTAL","https://github.com/green-coding-solutions/SEBOM","main","compression/usage_scenario-bzip2.yml","Uncompress 10 MB",13,"High Performance (DVFS OFF, TB OFF, HT OFF) - TX1330 M4 [PREMIUM]","2026-06-02 13:59:05.949992+02","f1479db0-c453-4aaa-9116-e137621fad07","2026-05-27 13:18:37.149148+02"
26,"bzip2",101,"Uncompress 10 MB","custom_uncompressed_mb_sci_global",138,"ugCO2e/MB","TOTAL","https://github.com/green-coding-solutions/SEBOM","main","compression/usage_scenario-bzip2.yml","Uncompress 10 MB",13,"High Performance (DVFS OFF, TB OFF, HT OFF) - TX1330 M4 [PREMIUM]","2026-06-02 13:59:05.949992+02","f1479db0-c453-4aaa-9116-e137621fad07","2026-05-27 13:18:37.149148+02"
26,"bzip2",101,"Uncompress 10 MB","phase_time_syscall_system",589906,"us","TOTAL","https://github.com/green-coding-solutions/SEBOM","main","compression/usage_scenario-bzip2.yml","Uncompress 10 MB",13,"High Performance (DVFS OFF, TB OFF, HT OFF) - TX1330 M4 [PREMIUM]","2026-06-02 13:59:05.949992+02","f1479db0-c453-4aaa-9116-e137621fad07","2026-05-27 13:18:37.149148+02"
26,"bzip2",101,"Uncompress 10 MB","psu_energy_ac_mcp_machine",19689252,"uJ","TOTAL","https://github.com/green-coding-solutions/SEBOM","main","compression/usage_scenario-bzip2.yml","Uncompress 10 MB",13,"High Performance (DVFS OFF, TB OFF, HT OFF) - TX1330 M4 [PREMIUM]","2026-06-02 13:59:05.949992+02","f1479db0-c453-4aaa-9116-e137621fad07","2026-05-27 13:18:37.149148+02"
26,"bzip2",102,"Uncompress 100 MB","cpu_energy_rapl_msr_component",51927106,"uJ","TOTAL","https://github.com/green-coding-solutions/SEBOM","main","compression/usage_scenario-bzip2.yml","Uncompress 100 MB",13,"High Performance (DVFS OFF, TB OFF, HT OFF) - TX1330 M4 [PREMIUM]","2026-06-02 13:59:05.949992+02","f1479db0-c453-4aaa-9116-e137621fad07","2026-05-27 13:18:37.149148+02"
26,"bzip2",102,"Uncompress 100 MB","custom_uncompressed_mb",100,"MB","TOTAL","https://github.com/green-coding-solutions/SEBOM","main","compression/usage_scenario-bzip2.yml","Uncompress 100 MB",13,"High Performance (DVFS OFF, TB OFF, HT OFF) - TX1330 M4 [PREMIUM]","2026-06-02 13:59:05.949992+02","f1479db0-c453-4aaa-9116-e137621fad07","2026-05-27 13:18:37.149148+02"
26,"bzip2",102,"Uncompress 100 MB","custom_uncompressed_mb_sci_global",86,"ugCO2e/MB","TOTAL","https://github.com/green-coding-solutions/SEBOM","main","compression/usage_scenario-bzip2.yml","Uncompress 100 MB",13,"High Performance (DVFS OFF, TB OFF, HT OFF) - TX1330 M4 [PREMIUM]","2026-06-02 13:59:05.949992+02","f1479db0-c453-4aaa-9116-e137621fad07","2026-05-27 13:18:37.149148+02"
26,"bzip2",102,"Uncompress 100 MB","phase_time_syscall_system",3656528,"us","TOTAL","https://github.com/green-coding-solutions/SEBOM","main","compression/usage_scenario-bzip2.yml","Uncompress 100 MB",13,"High Performance (DVFS OFF, TB OFF, HT OFF) - TX1330 M4 [PREMIUM]","2026-06-02 13:59:05.949992+02","f1479db0-c453-4aaa-9116-e137621fad07","2026-05-27 13:18:37.149148+02"
26,"bzip2",102,"Uncompress 100 MB","psu_energy_ac_mcp_machine",124929770,"uJ","TOTAL","https://github.com/green-coding-solutions/SEBOM","main","compression/usage_scenario-bzip2.yml","Uncompress 100 MB",13,"High Performance (DVFS OFF, TB OFF, HT OFF) - TX1330 M4 [PREMIUM]","2026-06-02 13:59:05.949992+02","f1479db0-c453-4aaa-9116-e137621fad07","2026-05-27 13:18:37.149148+02"
24,"gzip",82,"Compress/Uncompress [ALL]","cpu_energy_rapl_msr_component",93408046,"uJ","TOTAL","https://github.com/green-coding-solutions/SEBOM","main","compression/usage_scenario-gzip.yml","[RUNTIME]",13,"High Performance (DVFS OFF, TB OFF, HT OFF) - TX1330 M4 [PREMIUM]","2026-06-02 13:59:05.949992+02","fb08d3c3-ba41-4f0f-85fd-0b6c34e6c39b","2026-05-28 08:08:36.743579+02"
24,"gzip",82,"Compress/Uncompress [ALL]","custom_compressed_mb",111,"MB","TOTAL","https://github.com/green-coding-solutions/SEBOM","main","compression/usage_scenario-gzip.yml","[RUNTIME]",13,"High Performance (DVFS OFF, TB OFF, HT OFF) - TX1330 M4 [PREMIUM]","2026-06-02 13:59:05.949992+02","fb08d3c3-ba41-4f0f-85fd-0b6c34e6c39b","2026-05-28 08:08:36.743579+02"
24,"gzip",82,"Compress/Uncompress [ALL]","custom_compressed_mb_sci_global",1700,"ugCO2e/MB","TOTAL","https://github.com/green-coding-solutions/SEBOM","main","compression/usage_scenario-gzip.yml","[RUNTIME]",13,"High Performance (DVFS OFF, TB OFF, HT OFF) - TX1330 M4 [PREMIUM]","2026-06-02 13:59:05.949992+02","fb08d3c3-ba41-4f0f-85fd-0b6c34e6c39b","2026-05-28 08:08:36.743579+02"
24,"gzip",82,"Compress/Uncompress [ALL]","custom_uncompressed_mb",111,"MB","TOTAL","https://github.com/green-coding-solutions/SEBOM","main","compression/usage_scenario-gzip.yml","[RUNTIME]",13,"High Performance (DVFS OFF, TB OFF, HT OFF) - TX1330 M4 [PREMIUM]","2026-06-02 13:59:05.949992+02","fb08d3c3-ba41-4f0f-85fd-0b6c34e6c39b","2026-05-28 08:08:36.743579+02"
24,"gzip",82,"Compress/Uncompress [ALL]","custom_uncompressed_mb_sci_global",985,"ugCO2e/MB","TOTAL","https://github.com/green-coding-solutions/SEBOM","main","compression/usage_scenario-gzip.yml","[RUNTIME]",13,"High Performance (DVFS OFF, TB OFF, HT OFF) - TX1330 M4 [PREMIUM]","2026-06-02 13:59:05.949992+02","fb08d3c3-ba41-4f0f-85fd-0b6c34e6c39b","2026-05-28 08:08:36.743579+02"
24,"gzip",82,"Compress/Uncompress [ALL]","phase_time_syscall_system",6700172,"us","TOTAL","https://github.com/green-coding-solutions/SEBOM","main","compression/usage_scenario-gzip.yml","[RUNTIME]",13,"High Performance (DVFS OFF, TB OFF, HT OFF) - TX1330 M4 [PREMIUM]","2026-06-02 13:59:05.949992+02","fb08d3c3-ba41-4f0f-85fd-0b6c34e6c39b","2026-05-28 08:08:36.743579+02"
24,"gzip",82,"Compress/Uncompress [ALL]","psu_energy_ac_mcp_machine",227181165,"uJ","TOTAL","https://github.com/green-coding-solutions/SEBOM","main","compression/usage_scenario-gzip.yml","[RUNTIME]",13,"High Performance (DVFS OFF, TB OFF, HT OFF) - TX1330 M4 [PREMIUM]","2026-06-02 13:59:05.949992+02","fb08d3c3-ba41-4f0f-85fd-0b6c34e6c39b","2026-05-28 08:08:36.743579+02"
24,"gzip",83,"Compress 1 MB","cpu_energy_rapl_msr_component",3718627,"uJ","TOTAL","https://github.com/green-coding-solutions/SEBOM","main","compression/usage_scenario-gzip.yml","Compress 1 MB",13,"High Performance (DVFS OFF, TB OFF, HT OFF) - TX1330 M4 [PREMIUM]","2026-06-02 13:59:05.949992+02","fb08d3c3-ba41-4f0f-85fd-0b6c34e6c39b","2026-05-28 08:08:36.743579+02"
24,"gzip",83,"Compress 1 MB","custom_compressed_mb",1,"MB","TOTAL","https://github.com/green-coding-solutions/SEBOM","main","compression/usage_scenario-gzip.yml","Compress 1 MB",13,"High Performance (DVFS OFF, TB OFF, HT OFF) - TX1330 M4 [PREMIUM]","2026-06-02 13:59:05.949992+02","fb08d3c3-ba41-4f0f-85fd-0b6c34e6c39b","2026-05-28 08:08:36.743579+02"
24,"gzip",83,"Compress 1 MB","custom_compressed_mb_sci_global",1228,"ugCO2e/MB","TOTAL","https://github.com/green-coding-solutions/SEBOM","main","compression/usage_scenario-gzip.yml","Compress 1 MB",13,"High Performance (DVFS OFF, TB OFF, HT OFF) - TX1330 M4 [PREMIUM]","2026-06-02 13:59:05.949992+02","fb08d3c3-ba41-4f0f-85fd-0b6c34e6c39b","2026-05-28 08:08:36.743579+02"
24,"gzip",83,"Compress 1 MB","phase_time_syscall_system",257087,"us","TOTAL","https://github.com/green-coding-solutions/SEBOM","main","compression/usage_scenario-gzip.yml","Compress 1 MB",13,"High Performance (DVFS OFF, TB OFF, HT OFF) - TX1330 M4 [PREMIUM]","2026-06-02 13:59:05.949992+02","fb08d3c3-ba41-4f0f-85fd-0b6c34e6c39b","2026-05-28 08:08:36.743579+02"
24,"gzip",83,"Compress 1 MB","psu_energy_ac_mcp_machine",10806167,"uJ","TOTAL","https://github.com/green-coding-solutions/SEBOM","main","compression/usage_scenario-gzip.yml","Compress 1 MB",13,"High Performance (DVFS OFF, TB OFF, HT OFF) - TX1330 M4 [PREMIUM]","2026-06-02 13:59:05.949992+02","fb08d3c3-ba41-4f0f-85fd-0b6c34e6c39b","2026-05-28 08:08:36.743579+02"
24,"gzip",84,"Compress 10 MB","cpu_energy_rapl_msr_component",7957639,"uJ","TOTAL","https://github.com/green-coding-solutions/SEBOM","main","compression/usage_scenario-gzip.yml","Compress 10 MB",13,"High Performance (DVFS OFF, TB OFF, HT OFF) - TX1330 M4 [PREMIUM]","2026-06-02 13:59:05.949992+02","fb08d3c3-ba41-4f0f-85fd-0b6c34e6c39b","2026-05-28 08:08:36.743579+02"
24,"gzip",84,"Compress 10 MB","custom_compressed_mb",10,"MB","TOTAL","https://github.com/green-coding-solutions/SEBOM","main","compression/usage_scenario-gzip.yml","Compress 10 MB",13,"High Performance (DVFS OFF, TB OFF, HT OFF) - TX1330 M4 [PREMIUM]","2026-06-02 13:59:05.949992+02","fb08d3c3-ba41-4f0f-85fd-0b6c34e6c39b","2026-05-28 08:08:36.743579+02"
24,"gzip",84,"Compress 10 MB","custom_compressed_mb_sci_global",282,"ugCO2e/MB","TOTAL","https://github.com/green-coding-solutions/SEBOM","main","compression/usage_scenario-gzip.yml","Compress 10 MB",13,"High Performance (DVFS OFF, TB OFF, HT OFF) - TX1330 M4 [PREMIUM]","2026-06-02 13:59:05.949992+02","fb08d3c3-ba41-4f0f-85fd-0b6c34e6c39b","2026-05-28 08:08:36.743579+02"
24,"gzip",84,"Compress 10 MB","phase_time_syscall_system",682228,"us","TOTAL","https://github.com/green-coding-solutions/SEBOM","main","compression/usage_scenario-gzip.yml","Compress 10 MB",13,"High Performance (DVFS OFF, TB OFF, HT OFF) - TX1330 M4 [PREMIUM]","2026-06-02 13:59:05.949992+02","fb08d3c3-ba41-4f0f-85fd-0b6c34e6c39b","2026-05-28 08:08:36.743579+02"
24,"gzip",84,"Compress 10 MB","psu_energy_ac_mcp_machine",23191178,"uJ","TOTAL","https://github.com/green-coding-solutions/SEBOM","main","compression/usage_scenario-gzip.yml","Compress 10 MB",13,"High Performance (DVFS OFF, TB OFF, HT OFF) - TX1330 M4 [PREMIUM]","2026-06-02 13:59:05.949992+02","fb08d3c3-ba41-4f0f-85fd-0b6c34e6c39b","2026-05-28 08:08:36.743579+02"
24,"gzip",85,"Compress 100 MB","cpu_energy_rapl_msr_component",66596471,"uJ","TOTAL","https://github.com/green-coding-solutions/SEBOM","main","compression/usage_scenario-gzip.yml","Compress 100 MB",13,"High Performance (DVFS OFF, TB OFF, HT OFF) - TX1330 M4 [PREMIUM]","2026-06-02 13:59:05.949992+02","fb08d3c3-ba41-4f0f-85fd-0b6c34e6c39b","2026-05-28 08:08:36.743579+02"
24,"gzip",85,"Compress 100 MB","custom_compressed_mb",100,"MB","TOTAL","https://github.com/green-coding-solutions/SEBOM","main","compression/usage_scenario-gzip.yml","Compress 100 MB",13,"High Performance (DVFS OFF, TB OFF, HT OFF) - TX1330 M4 [PREMIUM]","2026-06-02 13:59:05.949992+02","fb08d3c3-ba41-4f0f-85fd-0b6c34e6c39b","2026-05-28 08:08:36.743579+02"
24,"gzip",85,"Compress 100 MB","custom_compressed_mb_sci_global",190,"ugCO2e/MB","TOTAL","https://github.com/green-coding-solutions/SEBOM","main","compression/usage_scenario-gzip.yml","Compress 100 MB",13,"High Performance (DVFS OFF, TB OFF, HT OFF) - TX1330 M4 [PREMIUM]","2026-06-02 13:59:05.949992+02","fb08d3c3-ba41-4f0f-85fd-0b6c34e6c39b","2026-05-28 08:08:36.743579+02"
24,"gzip",85,"Compress 100 MB","phase_time_syscall_system",4609654,"us","TOTAL","https://github.com/green-coding-solutions/SEBOM","main","compression/usage_scenario-gzip.yml","Compress 100 MB",13,"High Performance (DVFS OFF, TB OFF, HT OFF) - TX1330 M4 [PREMIUM]","2026-06-02 13:59:05.949992+02","fb08d3c3-ba41-4f0f-85fd-0b6c34e6c39b","2026-05-28 08:08:36.743579+02"
24,"gzip",85,"Compress 100 MB","psu_energy_ac_mcp_machine",156467344,"uJ","TOTAL","https://github.com/green-coding-solutions/SEBOM","main","compression/usage_scenario-gzip.yml","Compress 100 MB",13,"High Performance (DVFS OFF, TB OFF, HT OFF) - TX1330 M4 [PREMIUM]","2026-06-02 13:59:05.949992+02","fb08d3c3-ba41-4f0f-85fd-0b6c34e6c39b","2026-05-28 08:08:36.743579+02"
24,"gzip",86,"Uncompress 1 MB","cpu_energy_rapl_msr_component",2210204,"uJ","TOTAL","https://github.com/green-coding-solutions/SEBOM","main","compression/usage_scenario-gzip.yml","Uncompress 1 MB",13,"High Performance (DVFS OFF, TB OFF, HT OFF) - TX1330 M4 [PREMIUM]","2026-06-02 13:59:05.949992+02","fb08d3c3-ba41-4f0f-85fd-0b6c34e6c39b","2026-05-28 08:08:36.743579+02"
24,"gzip",86,"Uncompress 1 MB","custom_uncompressed_mb",1,"MB","TOTAL","https://github.com/green-coding-solutions/SEBOM","main","compression/usage_scenario-gzip.yml","Uncompress 1 MB",13,"High Performance (DVFS OFF, TB OFF, HT OFF) - TX1330 M4 [PREMIUM]","2026-06-02 13:59:05.949992+02","fb08d3c3-ba41-4f0f-85fd-0b6c34e6c39b","2026-05-28 08:08:36.743579+02"
24,"gzip",86,"Uncompress 1 MB","custom_uncompressed_mb_sci_global",848,"ugCO2e/MB","TOTAL","https://github.com/green-coding-solutions/SEBOM","main","compression/usage_scenario-gzip.yml","Uncompress 1 MB",13,"High Performance (DVFS OFF, TB OFF, HT OFF) - TX1330 M4 [PREMIUM]","2026-06-02 13:59:05.949992+02","fb08d3c3-ba41-4f0f-85fd-0b6c34e6c39b","2026-05-28 08:08:36.743579+02"
24,"gzip",86,"Uncompress 1 MB","phase_time_syscall_system",218890,"us","TOTAL","https://github.com/green-coding-solutions/SEBOM","main","compression/usage_scenario-gzip.yml","Uncompress 1 MB",13,"High Performance (DVFS OFF, TB OFF, HT OFF) - TX1330 M4 [PREMIUM]","2026-06-02 13:59:05.949992+02","fb08d3c3-ba41-4f0f-85fd-0b6c34e6c39b","2026-05-28 08:08:36.743579+02"
24,"gzip",86,"Uncompress 1 MB","psu_energy_ac_mcp_machine",6720829,"uJ","TOTAL","https://github.com/green-coding-solutions/SEBOM","main","compression/usage_scenario-gzip.yml","Uncompress 1 MB",13,"High Performance (DVFS OFF, TB OFF, HT OFF) - TX1330 M4 [PREMIUM]","2026-06-02 13:59:05.949992+02","fb08d3c3-ba41-4f0f-85fd-0b6c34e6c39b","2026-05-28 08:08:36.743579+02"
24,"gzip",87,"Uncompress 10 MB","cpu_energy_rapl_msr_component",3820128,"uJ","TOTAL","https://github.com/green-coding-solutions/SEBOM","main","compression/usage_scenario-gzip.yml","Uncompress 10 MB",13,"High Performance (DVFS OFF, TB OFF, HT OFF) - TX1330 M4 [PREMIUM]","2026-06-02 13:59:05.949992+02","fb08d3c3-ba41-4f0f-85fd-0b6c34e6c39b","2026-05-28 08:08:36.743579+02"
24,"gzip",87,"Uncompress 10 MB","custom_uncompressed_mb",10,"MB","TOTAL","https://github.com/green-coding-solutions/SEBOM","main","compression/usage_scenario-gzip.yml","Uncompress 10 MB",13,"High Performance (DVFS OFF, TB OFF, HT OFF) - TX1330 M4 [PREMIUM]","2026-06-02 13:59:05.949992+02","fb08d3c3-ba41-4f0f-85fd-0b6c34e6c39b","2026-05-28 08:08:36.743579+02"
24,"gzip",87,"Uncompress 10 MB","custom_uncompressed_mb_sci_global",111,"ugCO2e/MB","TOTAL","https://github.com/green-coding-solutions/SEBOM","main","compression/usage_scenario-gzip.yml","Uncompress 10 MB",13,"High Performance (DVFS OFF, TB OFF, HT OFF) - TX1330 M4 [PREMIUM]","2026-06-02 13:59:05.949992+02","fb08d3c3-ba41-4f0f-85fd-0b6c34e6c39b","2026-05-28 08:08:36.743579+02"
24,"gzip",87,"Uncompress 10 MB","phase_time_syscall_system",255208,"us","TOTAL","https://github.com/green-coding-solutions/SEBOM","main","compression/usage_scenario-gzip.yml","Uncompress 10 MB",13,"High Performance (DVFS OFF, TB OFF, HT OFF) - TX1330 M4 [PREMIUM]","2026-06-02 13:59:05.949992+02","fb08d3c3-ba41-4f0f-85fd-0b6c34e6c39b","2026-05-28 08:08:36.743579+02"
24,"gzip",87,"Uncompress 10 MB","psu_energy_ac_mcp_machine",9355261,"uJ","TOTAL","https://github.com/green-coding-solutions/SEBOM","main","compression/usage_scenario-gzip.yml","Uncompress 10 MB",13,"High Performance (DVFS OFF, TB OFF, HT OFF) - TX1330 M4 [PREMIUM]","2026-06-02 13:59:05.949992+02","fb08d3c3-ba41-4f0f-85fd-0b6c34e6c39b","2026-05-28 08:08:36.743579+02"
24,"gzip",88,"Uncompress 100 MB","cpu_energy_rapl_msr_component",9104977,"uJ","TOTAL","https://github.com/green-coding-solutions/SEBOM","main","compression/usage_scenario-gzip.yml","Uncompress 100 MB",13,"High Performance (DVFS OFF, TB OFF, HT OFF) - TX1330 M4 [PREMIUM]","2026-06-02 13:59:05.949992+02","fb08d3c3-ba41-4f0f-85fd-0b6c34e6c39b","2026-05-28 08:08:36.743579+02"
24,"gzip",88,"Uncompress 100 MB","custom_uncompressed_mb",100,"MB","TOTAL","https://github.com/green-coding-solutions/SEBOM","main","compression/usage_scenario-gzip.yml","Uncompress 100 MB",13,"High Performance (DVFS OFF, TB OFF, HT OFF) - TX1330 M4 [PREMIUM]","2026-06-02 13:59:05.949992+02","fb08d3c3-ba41-4f0f-85fd-0b6c34e6c39b","2026-05-28 08:08:36.743579+02"
24,"gzip",88,"Uncompress 100 MB","custom_uncompressed_mb_sci_global",26,"ugCO2e/MB","TOTAL","https://github.com/green-coding-solutions/SEBOM","main","compression/usage_scenario-gzip.yml","Uncompress 100 MB",13,"High Performance (DVFS OFF, TB OFF, HT OFF) - TX1330 M4 [PREMIUM]","2026-06-02 13:59:05.949992+02","fb08d3c3-ba41-4f0f-85fd-0b6c34e6c39b","2026-05-28 08:08:36.743579+02"
24,"gzip",88,"Uncompress 100 MB","phase_time_syscall_system",677105,"us","TOTAL","https://github.com/green-coding-solutions/SEBOM","main","compression/usage_scenario-gzip.yml","Uncompress 100 MB",13,"High Performance (DVFS OFF, TB OFF, HT OFF) - TX1330 M4 [PREMIUM]","2026-06-02 13:59:05.949992+02","fb08d3c3-ba41-4f0f-85fd-0b6c34e6c39b","2026-05-28 08:08:36.743579+02"
24,"gzip",88,"Uncompress 100 MB","psu_energy_ac_mcp_machine",20640386,"uJ","TOTAL","https://github.com/green-coding-solutions/SEBOM","main","compression/usage_scenario-gzip.yml","Uncompress 100 MB",13,"High Performance (DVFS OFF, TB OFF, HT OFF) - TX1330 M4 [PREMIUM]","2026-06-02 13:59:05.949992+02","fb08d3c3-ba41-4f0f-85fd-0b6c34e6c39b","2026-05-28 08:08:36.743579+02"
46,"Image Format Encoding Cost",198,"Encode BMP to AVIF","cpu_energy_rapl_msr_component",657757485,"uJ","TOTAL","https://github.com/green-coding-solutions/green-ai-training","main","benchmarks/image-formats/usage_scenario-encoding.yml","Encode BMP to AVIF",12,"GUI Applications (DVFS OFF, TB OFF, HT OFF) - TX1330 M3 [PREMIUM]","2026-09-07 12:02:50.261091+02","81a932bc-04da-443b-93cf-d4d8468de247","2026-06-05 14:41:30.07705+02"
46,"Image Format Encoding Cost",198,"Encode BMP to AVIF","custom_image_encodings",50,"Image Encodings","TOTAL","https://github.com/green-coding-solutions/green-ai-training","main","benchmarks/image-formats/usage_scenario-encoding.yml","Encode BMP to AVIF",12,"GUI Applications (DVFS OFF, TB OFF, HT OFF) - TX1330 M3 [PREMIUM]","2026-09-07 12:02:50.261091+02","81a932bc-04da-443b-93cf-d4d8468de247","2026-06-05 14:41:30.07705+02"
46,"Image Format Encoding Cost",198,"Encode BMP to AVIF","custom_image_encodings_sci_global",2561,"ugCO2e/Image Encodings","TOTAL","https://github.com/green-coding-solutions/green-ai-training","main","benchmarks/image-formats/usage_scenario-encoding.yml","Encode BMP to AVIF",12,"GUI Applications (DVFS OFF, TB OFF, HT OFF) - TX1330 M3 [PREMIUM]","2026-09-07 12:02:50.261091+02","81a932bc-04da-443b-93cf-d4d8468de247","2026-06-05 14:41:30.07705+02"
46,"Image Format Encoding Cost",198,"Encode BMP to AVIF","phase_time_syscall_system",42453977,"us","TOTAL","https://github.com/green-coding-solutions/green-ai-training","main","benchmarks/image-formats/usage_scenario-encoding.yml","Encode BMP to AVIF",12,"GUI Applications (DVFS OFF, TB OFF, HT OFF) - TX1330 M3 [PREMIUM]","2026-09-07 12:02:50.261091+02","81a932bc-04da-443b-93cf-d4d8468de247","2026-06-05 14:41:30.07705+02"
46,"Image Format Encoding Cost",198,"Encode BMP to AVIF","psu_energy_ac_mcp_machine",2014689893,"uJ","TOTAL","https://github.com/green-coding-solutions/green-ai-training","main","benchmarks/image-formats/usage_scenario-encoding.yml","Encode BMP to AVIF",12,"GUI Applications (DVFS OFF, TB OFF, HT OFF) - TX1330 M3 [PREMIUM]","2026-09-07 12:02:50.261091+02","81a932bc-04da-443b-93cf-d4d8468de247","2026-06-05 14:41:30.07705+02"
46,"Image Format Encoding Cost",199,"Encode BMP to GIF","cpu_energy_rapl_msr_component",1158366250,"uJ","TOTAL","https://github.com/green-coding-solutions/green-ai-training","main","benchmarks/image-formats/usage_scenario-encoding.yml","Encode BMP to GIF",12,"GUI Applications (DVFS OFF, TB OFF, HT OFF) - TX1330 M3 [PREMIUM]","2026-09-07 12:02:50.261091+02","81a932bc-04da-443b-93cf-d4d8468de247","2026-06-05 14:41:30.07705+02"
46,"Image Format Encoding Cost",199,"Encode BMP to GIF","custom_image_encodings",50,"Image Encodings","TOTAL","https://github.com/green-coding-solutions/green-ai-training","main","benchmarks/image-formats/usage_scenario-encoding.yml","Encode BMP to GIF",12,"GUI Applications (DVFS OFF, TB OFF, HT OFF) - TX1330 M3 [PREMIUM]","2026-09-07 12:02:50.261091+02","81a932bc-04da-443b-93cf-d4d8468de247","2026-06-05 14:41:30.07705+02"
46,"Image Format Encoding Cost",199,"Encode BMP to GIF","custom_image_encodings_sci_global",6817,"ugCO2e/Image Encodings","TOTAL","https://github.com/green-coding-solutions/green-ai-training","main","benchmarks/image-formats/usage_scenario-encoding.yml","Encode BMP to GIF",12,"GUI Applications (DVFS OFF, TB OFF, HT OFF) - TX1330 M3 [PREMIUM]","2026-09-07 12:02:50.261091+02","81a932bc-04da-443b-93cf-d4d8468de247","2026-06-05 14:41:30.07705+02"
46,"Image Format Encoding Cost",199,"Encode BMP to GIF","phase_time_syscall_system",123020040,"us","TOTAL","https://github.com/green-coding-solutions/green-ai-training","main","benchmarks/image-formats/usage_scenario-encoding.yml","Encode BMP to GIF",12,"GUI Applications (DVFS OFF, TB OFF, HT OFF) - TX1330 M3 [PREMIUM]","2026-09-07 12:02:50.261091+02","81a932bc-04da-443b-93cf-d4d8468de247","2026-06-05 14:41:30.07705+02"
46,"Image Format Encoding Cost",199,"Encode BMP to GIF","psu_energy_ac_mcp_machine",4929421457,"uJ","TOTAL","https://github.com/green-coding-solutions/green-ai-training","main","benchmarks/image-formats/usage_scenario-encoding.yml","Encode BMP to GIF",12,"GUI Applications (DVFS OFF, TB OFF, HT OFF) - TX1330 M3 [PREMIUM]","2026-09-07 12:02:50.261091+02","81a932bc-04da-443b-93cf-d4d8468de247","2026-06-05 14:41:30.07705+02"
46,"Image Format Encoding Cost",200,"Encode BMP to JPG","cpu_energy_rapl_msr_component",89422808,"uJ","TOTAL","https://github.com/green-coding-solutions/green-ai-training","main","benchmarks/image-formats/usage_scenario-encoding.yml","Encode BMP to JPG",12,"GUI Applications (DVFS OFF, TB OFF, HT OFF) - TX1330 M3 [PREMIUM]","2026-09-07 12:02:50.261091+02","81a932bc-04da-443b-93cf-d4d8468de247","2026-06-05 14:41:30.07705+02"
46,"Image Format Encoding Cost",200,"Encode BMP to JPG","custom_image_encodings",50,"Image Encodings","TOTAL","https://github.com/green-coding-solutions/green-ai-training","main","benchmarks/image-formats/usage_scenario-encoding.yml","Encode BMP to JPG",12,"GUI Applications (DVFS OFF, TB OFF, HT OFF) - TX1330 M3 [PREMIUM]","2026-09-07 12:02:50.261091+02","81a932bc-04da-443b-93cf-d4d8468de247","2026-06-05 14:41:30.07705+02"
46,"Image Format Encoding Cost",200,"Encode BMP to JPG","custom_image_encodings_sci_global",528,"ugCO2e/Image Encodings","TOTAL","https://github.com/green-coding-solutions/green-ai-training","main","benchmarks/image-formats/usage_scenario-encoding.yml","Encode BMP to JPG",12,"GUI Applications (DVFS OFF, TB OFF, HT OFF) - TX1330 M3 [PREMIUM]","2026-09-07 12:02:50.261091+02","81a932bc-04da-443b-93cf-d4d8468de247","2026-06-05 14:41:30.07705+02"
46,"Image Format Encoding Cost",200,"Encode BMP to JPG","phase_time_syscall_system",9461570,"us","TOTAL","https://github.com/green-coding-solutions/green-ai-training","main","benchmarks/image-formats/usage_scenario-encoding.yml","Encode BMP to JPG",12,"GUI Applications (DVFS OFF, TB OFF, HT OFF) - TX1330 M3 [PREMIUM]","2026-09-07 12:02:50.261091+02","81a932bc-04da-443b-93cf-d4d8468de247","2026-06-05 14:41:30.07705+02"
46,"Image Format Encoding Cost",200,"Encode BMP to JPG","psu_energy_ac_mcp_machine",385111574,"uJ","TOTAL","https://github.com/green-coding-solutions/green-ai-training","main","benchmarks/image-formats/usage_scenario-encoding.yml","Encode BMP to JPG",12,"GUI Applications (DVFS OFF, TB OFF, HT OFF) - TX1330 M3 [PREMIUM]","2026-09-07 12:02:50.261091+02","81a932bc-04da-443b-93cf-d4d8468de247","2026-06-05 14:41:30.07705+02"
46,"Image Format Encoding Cost",201,"Encode BMP to PNG","cpu_energy_rapl_msr_component",1256838553,"uJ","TOTAL","https://github.com/green-coding-solutions/green-ai-training","main","benchmarks/image-formats/usage_scenario-encoding.yml","Encode BMP to PNG",12,"GUI Applications (DVFS OFF, TB OFF, HT OFF) - TX1330 M3 [PREMIUM]","2026-09-07 12:02:50.261091+02","81a932bc-04da-443b-93cf-d4d8468de247","2026-06-05 14:41:30.07705+02"
46,"Image Format Encoding Cost",201,"Encode BMP to PNG","custom_image_encodings",50,"Image Encodings","TOTAL","https://github.com/green-coding-solutions/green-ai-training","main","benchmarks/image-formats/usage_scenario-encoding.yml","Encode BMP to PNG",12,"GUI Applications (DVFS OFF, TB OFF, HT OFF) - TX1330 M3 [PREMIUM]","2026-09-07 12:02:50.261091+02","81a932bc-04da-443b-93cf-d4d8468de247","2026-06-05 14:41:30.07705+02"
46,"Image Format Encoding Cost",201,"Encode BMP to PNG","custom_image_encodings_sci_global",7759,"ugCO2e/Image Encodings","TOTAL","https://github.com/green-coding-solutions/green-ai-training","main","benchmarks/image-formats/usage_scenario-encoding.yml","Encode BMP to PNG",12,"GUI Applications (DVFS OFF, TB OFF, HT OFF) - TX1330 M3 [PREMIUM]","2026-09-07 12:02:50.261091+02","81a932bc-04da-443b-93cf-d4d8468de247","2026-06-05 14:41:30.07705+02"
46,"Image Format Encoding Cost",201,"Encode BMP to PNG","phase_time_syscall_system",141142939,"us","TOTAL","https://github.com/green-coding-solutions/green-ai-training","main","benchmarks/image-formats/usage_scenario-encoding.yml","Encode BMP to PNG",12,"GUI Applications (DVFS OFF, TB OFF, HT OFF) - TX1330 M3 [PREMIUM]","2026-09-07 12:02:50.261091+02","81a932bc-04da-443b-93cf-d4d8468de247","2026-06-05 14:41:30.07705+02"
46,"Image Format Encoding Cost",201,"Encode BMP to PNG","psu_energy_ac_mcp_machine",5562922114,"uJ","TOTAL","https://github.com/green-coding-solutions/green-ai-training","main","benchmarks/image-formats/usage_scenario-encoding.yml","Encode BMP to PNG",12,"GUI Applications (DVFS OFF, TB OFF, HT OFF) - TX1330 M3 [PREMIUM]","2026-09-07 12:02:50.261091+02","81a932bc-04da-443b-93cf-d4d8468de247","2026-06-05 14:41:30.07705+02"
46,"Image Format Encoding Cost",202,"Encode BMP to WebP","cpu_energy_rapl_msr_component",289651938,"uJ","TOTAL","https://github.com/green-coding-solutions/green-ai-training","main","benchmarks/image-formats/usage_scenario-encoding.yml","Encode BMP to WebP",12,"GUI Applications (DVFS OFF, TB OFF, HT OFF) - TX1330 M3 [PREMIUM]","2026-09-07 12:02:50.261091+02","81a932bc-04da-443b-93cf-d4d8468de247","2026-06-05 14:41:30.07705+02"
46,"Image Format Encoding Cost",202,"Encode BMP to WebP","custom_image_encodings",50,"Image Encodings","TOTAL","https://github.com/green-coding-solutions/green-ai-training","main","benchmarks/image-formats/usage_scenario-encoding.yml","Encode BMP to WebP",12,"GUI Applications (DVFS OFF, TB OFF, HT OFF) - TX1330 M3 [PREMIUM]","2026-09-07 12:02:50.261091+02","81a932bc-04da-443b-93cf-d4d8468de247","2026-06-05 14:41:30.07705+02"
46,"Image Format Encoding Cost",202,"Encode BMP to WebP","custom_image_encodings_sci_global",1740,"ugCO2e/Image Encodings","TOTAL","https://github.com/green-coding-solutions/green-ai-training","main","benchmarks/image-formats/usage_scenario-encoding.yml","Encode BMP to WebP",12,"GUI Applications (DVFS OFF, TB OFF, HT OFF) - TX1330 M3 [PREMIUM]","2026-09-07 12:02:50.261091+02","81a932bc-04da-443b-93cf-d4d8468de247","2026-06-05 14:41:30.07705+02"
46,"Image Format Encoding Cost",202,"Encode BMP to WebP","phase_time_syscall_system",31514889,"us","TOTAL","https://github.com/green-coding-solutions/green-ai-training","main","benchmarks/image-formats/usage_scenario-encoding.yml","Encode BMP to WebP",12,"GUI Applications (DVFS OFF, TB OFF, HT OFF) - TX1330 M3 [PREMIUM]","2026-09-07 12:02:50.261091+02","81a932bc-04da-443b-93cf-d4d8468de247","2026-06-05 14:41:30.07705+02"
46,"Image Format Encoding Cost",202,"Encode BMP to WebP","psu_energy_ac_mcp_machine",1253659650,"uJ","TOTAL","https://github.com/green-coding-solutions/green-ai-training","main","benchmarks/image-formats/usage_scenario-encoding.yml","Encode BMP to WebP",12,"GUI Applications (DVFS OFF, TB OFF, HT OFF) - TX1330 M3 [PREMIUM]","2026-09-07 12:02:50.261091+02","81a932bc-04da-443b-93cf-d4d8468de247","2026-06-05 14:41:30.07705+02"
46,"Image Format Encoding Cost",203,"Encode All Formats [ALL]","cpu_energy_rapl_msr_component",3452037034,"uJ","TOTAL","https://github.com/green-coding-solutions/green-ai-training","main","benchmarks/image-formats/usage_scenario-encoding.yml","[RUNTIME]",12,"GUI Applications (DVFS OFF, TB OFF, HT OFF) - TX1330 M3 [PREMIUM]","2026-09-07 12:02:50.261091+02","81a932bc-04da-443b-93cf-d4d8468de247","2026-06-05 14:41:30.07705+02"
46,"Image Format Encoding Cost",203,"Encode All Formats [ALL]","custom_image_encodings",250,"Image Encodings","TOTAL","https://github.com/green-coding-solutions/green-ai-training","main","benchmarks/image-formats/usage_scenario-encoding.yml","[RUNTIME]",12,"GUI Applications (DVFS OFF, TB OFF, HT OFF) - TX1330 M3 [PREMIUM]","2026-09-07 12:02:50.261091+02","81a932bc-04da-443b-93cf-d4d8468de247","2026-06-05 14:41:30.07705+02"
46,"Image Format Encoding Cost",203,"Encode All Formats [ALL]","custom_image_encodings_sci_global",19405,"ugCO2e/Image Encodings","TOTAL","https://github.com/green-coding-solutions/green-ai-training","main","benchmarks/image-formats/usage_scenario-encoding.yml","[RUNTIME]",12,"GUI Applications (DVFS OFF, TB OFF, HT OFF) - TX1330 M3 [PREMIUM]","2026-09-07 12:02:50.261091+02","81a932bc-04da-443b-93cf-d4d8468de247","2026-06-05 14:41:30.07705+02"
46,"Image Format Encoding Cost",203,"Encode All Formats [ALL]","phase_time_syscall_system",347593415,"us","TOTAL","https://github.com/green-coding-solutions/green-ai-training","main","benchmarks/image-formats/usage_scenario-encoding.yml","[RUNTIME]",12,"GUI Applications (DVFS OFF, TB OFF, HT OFF) - TX1330 M3 [PREMIUM]","2026-09-07 12:02:50.261091+02","81a932bc-04da-443b-93cf-d4d8468de247","2026-06-05 14:41:30.07705+02"
46,"Image Format Encoding Cost",203,"Encode All Formats [ALL]","psu_energy_ac_mcp_machine",14145804688,"uJ","TOTAL","https://github.com/green-coding-solutions/green-ai-training","main","benchmarks/image-formats/usage_scenario-encoding.yml","[RUNTIME]",12,"GUI Applications (DVFS OFF, TB OFF, HT OFF) - TX1330 M3 [PREMIUM]","2026-09-07 12:02:50.261091+02","81a932bc-04da-443b-93cf-d4d8468de247","2026-06-05 14:41:30.07705+02"
47,"Image Format Rendering Cost (Headful Browser)",204,"Render AVIF","cpu_energy_rapl_msr_component",158863635,"uJ","TOTAL","https://github.com/green-coding-solutions/green-ai-training","main","benchmarks/image-formats/usage_scenario-headful.yml","Load AVIF image page",12,"GUI Applications (DVFS OFF, TB OFF, HT OFF) - TX1330 M3 [PREMIUM]","2026-09-07 12:02:50.261091+02","b31ca361-1745-4fac-8e6b-a97ec99bf476","2026-05-15 10:57:44.620506+02"
47,"Image Format Rendering Cost (Headful Browser)",204,"Render AVIF","custom_image_page_load",50,"Image Page Loads","TOTAL","https://github.com/green-coding-solutions/green-ai-training","main","benchmarks/image-formats/usage_scenario-headful.yml","Load AVIF image page",12,"GUI Applications (DVFS OFF, TB OFF, HT OFF) - TX1330 M3 [PREMIUM]","2026-09-07 12:02:50.261091+02","b31ca361-1745-4fac-8e6b-a97ec99bf476","2026-05-15 10:57:44.620506+02"
47,"Image Format Rendering Cost (Headful Browser)",204,"Render AVIF","custom_image_page_load_sci_global",2546,"ugCO2e/Image Page Loads","TOTAL","https://github.com/green-coding-solutions/green-ai-training","main","benchmarks/image-formats/usage_scenario-headful.yml","Load AVIF image page",12,"GUI Applications (DVFS OFF, TB OFF, HT OFF) - TX1330 M3 [PREMIUM]","2026-09-07 12:02:50.261091+02","b31ca361-1745-4fac-8e6b-a97ec99bf476","2026-05-15 10:57:44.620506+02"
47,"Image Format Rendering Cost (Headful Browser)",204,"Render AVIF","phase_time_syscall_system",26404673,"us","TOTAL","https://github.com/green-coding-solutions/green-ai-training","main","benchmarks/image-formats/usage_scenario-headful.yml","Load AVIF image page",12,"GUI Applications (DVFS OFF, TB OFF, HT OFF) - TX1330 M3 [PREMIUM]","2026-09-07 12:02:50.261091+02","b31ca361-1745-4fac-8e6b-a97ec99bf476","2026-05-15 10:57:44.620506+02"
47,"Image Format Rendering Cost (Headful Browser)",204,"Render AVIF","psu_energy_ac_mcp_machine",963620067,"uJ","TOTAL","https://github.com/green-coding-solutions/green-ai-training","main","benchmarks/image-formats/usage_scenario-headful.yml","Load AVIF image page",12,"GUI Applications (DVFS OFF, TB OFF, HT OFF) - TX1330 M3 [PREMIUM]","2026-09-07 12:02:50.261091+02","b31ca361-1745-4fac-8e6b-a97ec99bf476","2026-05-15 10:57:44.620506+02"
47,"Image Format Rendering Cost (Headful Browser)",205,"Render GIF","cpu_energy_rapl_msr_component",150729114,"uJ","TOTAL","https://github.com/green-coding-solutions/green-ai-training","main","benchmarks/image-formats/usage_scenario-headful.yml","Load GIF image page",12,"GUI Applications (DVFS OFF, TB OFF, HT OFF) - TX1330 M3 [PREMIUM]","2026-09-07 12:02:50.261091+02","b31ca361-1745-4fac-8e6b-a97ec99bf476","2026-05-15 10:57:44.620506+02"
47,"Image Format Rendering Cost (Headful Browser)",205,"Render GIF","custom_image_page_load",50,"Image Page Loads","TOTAL","https://github.com/green-coding-solutions/green-ai-training","main","benchmarks/image-formats/usage_scenario-headful.yml","Load GIF image page",12,"GUI Applications (DVFS OFF, TB OFF, HT OFF) - TX1330 M3 [PREMIUM]","2026-09-07 12:02:50.261091+02","b31ca361-1745-4fac-8e6b-a97ec99bf476","2026-05-15 10:57:44.620506+02"
47,"Image Format Rendering Cost (Headful Browser)",205,"Render GIF","custom_image_page_load_sci_global",2563,"ugCO2e/Image Page Loads","TOTAL","https://github.com/green-coding-solutions/green-ai-training","main","benchmarks/image-formats/usage_scenario-headful.yml","Load GIF image page",12,"GUI Applications (DVFS OFF, TB OFF, HT OFF) - TX1330 M3 [PREMIUM]","2026-09-07 12:02:50.261091+02","b31ca361-1745-4fac-8e6b-a97ec99bf476","2026-05-15 10:57:44.620506+02"
47,"Image Format Rendering Cost (Headful Browser)",205,"Render GIF","phase_time_syscall_system",26839264,"us","TOTAL","https://github.com/green-coding-solutions/green-ai-training","main","benchmarks/image-formats/usage_scenario-headful.yml","Load GIF image page",12,"GUI Applications (DVFS OFF, TB OFF, HT OFF) - TX1330 M3 [PREMIUM]","2026-09-07 12:02:50.261091+02","b31ca361-1745-4fac-8e6b-a97ec99bf476","2026-05-15 10:57:44.620506+02"
47,"Image Format Rendering Cost (Headful Browser)",205,"Render GIF","psu_energy_ac_mcp_machine",966072001,"uJ","TOTAL","https://github.com/green-coding-solutions/green-ai-training","main","benchmarks/image-formats/usage_scenario-headful.yml","Load GIF image page",12,"GUI Applications (DVFS OFF, TB OFF, HT OFF) - TX1330 M3 [PREMIUM]","2026-09-07 12:02:50.261091+02","b31ca361-1745-4fac-8e6b-a97ec99bf476","2026-05-15 10:57:44.620506+02"
47,"Image Format Rendering Cost (Headful Browser)",206,"Render JPG","cpu_energy_rapl_msr_component",133665224,"uJ","TOTAL","https://github.com/green-coding-solutions/green-ai-training","main","benchmarks/image-formats/usage_scenario-headful.yml","Load JPG image page",12,"GUI Applications (DVFS OFF, TB OFF, HT OFF) - TX1330 M3 [PREMIUM]","2026-09-07 12:02:50.261091+02","b31ca361-1745-4fac-8e6b-a97ec99bf476","2026-05-15 10:57:44.620506+02"
47,"Image Format Rendering Cost (Headful Browser)",206,"Render JPG","custom_image_page_load",50,"Image Page Loads","TOTAL","https://github.com/green-coding-solutions/green-ai-training","main","benchmarks/image-formats/usage_scenario-headful.yml","Load JPG image page",12,"GUI Applications (DVFS OFF, TB OFF, HT OFF) - TX1330 M3 [PREMIUM]","2026-09-07 12:02:50.261091+02","b31ca361-1745-4fac-8e6b-a97ec99bf476","2026-05-15 10:57:44.620506+02"
47,"Image Format Rendering Cost (Headful Browser)",206,"Render JPG","custom_image_page_load_sci_global",2485,"ugCO2e/Image Page Loads","TOTAL","https://github.com/green-coding-solutions/green-ai-training","main","benchmarks/image-formats/usage_scenario-headful.yml","Load JPG image page",12,"GUI Applications (DVFS OFF, TB OFF, HT OFF) - TX1330 M3 [PREMIUM]","2026-09-07 12:02:50.261091+02","b31ca361-1745-4fac-8e6b-a97ec99bf476","2026-05-15 10:57:44.620506+02"
47,"Image Format Rendering Cost (Headful Browser)",206,"Render JPG","phase_time_syscall_system",26366621,"us","TOTAL","https://github.com/green-coding-solutions/green-ai-training","main","benchmarks/image-formats/usage_scenario-headful.yml","Load JPG image page",12,"GUI Applications (DVFS OFF, TB OFF, HT OFF) - TX1330 M3 [PREMIUM]","2026-09-07 12:02:50.261091+02","b31ca361-1745-4fac-8e6b-a97ec99bf476","2026-05-15 10:57:44.620506+02"
47,"Image Format Rendering Cost (Headful Browser)",206,"Render JPG","psu_energy_ac_mcp_machine",931507579,"uJ","TOTAL","https://github.com/green-coding-solutions/green-ai-training","main","benchmarks/image-formats/usage_scenario-headful.yml","Load JPG image page",12,"GUI Applications (DVFS OFF, TB OFF, HT OFF) - TX1330 M3 [PREMIUM]","2026-09-07 12:02:50.261091+02","b31ca361-1745-4fac-8e6b-a97ec99bf476","2026-05-15 10:57:44.620506+02"
47,"Image Format Rendering Cost (Headful Browser)",207,"Render PNG","cpu_energy_rapl_msr_component",180649461,"uJ","TOTAL","https://github.com/green-coding-solutions/green-ai-training","main","benchmarks/image-formats/usage_scenario-headful.yml","Load PNG image page",12,"GUI Applications (DVFS OFF, TB OFF, HT OFF) - TX1330 M3 [PREMIUM]","2026-09-07 12:02:50.261091+02","b31ca361-1745-4fac-8e6b-a97ec99bf476","2026-05-15 10:57:44.620506+02"
47,"Image Format Rendering Cost (Headful Browser)",207,"Render PNG","custom_image_page_load",50,"Image Page Loads","TOTAL","https://github.com/green-coding-solutions/green-ai-training","main","benchmarks/image-formats/usage_scenario-headful.yml","Load PNG image page",12,"GUI Applications (DVFS OFF, TB OFF, HT OFF) - TX1330 M3 [PREMIUM]","2026-09-07 12:02:50.261091+02","b31ca361-1745-4fac-8e6b-a97ec99bf476","2026-05-15 10:57:44.620506+02"
47,"Image Format Rendering Cost (Headful Browser)",207,"Render PNG","custom_image_page_load_sci_global",2699,"ugCO2e/Image Page Loads","TOTAL","https://github.com/green-coding-solutions/green-ai-training","main","benchmarks/image-formats/usage_scenario-headful.yml","Load PNG image page",12,"GUI Applications (DVFS OFF, TB OFF, HT OFF) - TX1330 M3 [PREMIUM]","2026-09-07 12:02:50.261091+02","b31ca361-1745-4fac-8e6b-a97ec99bf476","2026-05-15 10:57:44.620506+02"
47,"Image Format Rendering Cost (Headful Browser)",207,"Render PNG","phase_time_syscall_system",27779423,"us","TOTAL","https://github.com/green-coding-solutions/green-ai-training","main","benchmarks/image-formats/usage_scenario-headful.yml","Load PNG image page",12,"GUI Applications (DVFS OFF, TB OFF, HT OFF) - TX1330 M3 [PREMIUM]","2026-09-07 12:02:50.261091+02","b31ca361-1745-4fac-8e6b-a97ec99bf476","2026-05-15 10:57:44.620506+02"
47,"Image Format Rendering Cost (Headful Browser)",207,"Render PNG","psu_energy_ac_mcp_machine",1024780931,"uJ","TOTAL","https://github.com/green-coding-solutions/green-ai-training","main","benchmarks/image-formats/usage_scenario-headful.yml","Load PNG image page",12,"GUI Applications (DVFS OFF, TB OFF, HT OFF) - TX1330 M3 [PREMIUM]","2026-09-07 12:02:50.261091+02","b31ca361-1745-4fac-8e6b-a97ec99bf476","2026-05-15 10:57:44.620506+02"
47,"Image Format Rendering Cost (Headful Browser)",208,"Render WebP","cpu_energy_rapl_msr_component",150456031,"uJ","TOTAL","https://github.com/green-coding-solutions/green-ai-training","main","benchmarks/image-formats/usage_scenario-headful.yml","Load WebP image page",12,"GUI Applications (DVFS OFF, TB OFF, HT OFF) - TX1330 M3 [PREMIUM]","2026-09-07 12:02:50.261091+02","b31ca361-1745-4fac-8e6b-a97ec99bf476","2026-05-15 10:57:44.620506+02"
47,"Image Format Rendering Cost (Headful Browser)",208,"Render WebP","custom_image_page_load",50,"Image Page Loads","TOTAL","https://github.com/green-coding-solutions/green-ai-training","main","benchmarks/image-formats/usage_scenario-headful.yml","Load WebP image page",12,"GUI Applications (DVFS OFF, TB OFF, HT OFF) - TX1330 M3 [PREMIUM]","2026-09-07 12:02:50.261091+02","b31ca361-1745-4fac-8e6b-a97ec99bf476","2026-05-15 10:57:44.620506+02"
47,"Image Format Rendering Cost (Headful Browser)",208,"Render WebP","custom_image_page_load_sci_global",2522,"ugCO2e/Image Page Loads","TOTAL","https://github.com/green-coding-solutions/green-ai-training","main","benchmarks/image-formats/usage_scenario-headful.yml","Load WebP image page",12,"GUI Applications (DVFS OFF, TB OFF, HT OFF) - TX1330 M3 [PREMIUM]","2026-09-07 12:02:50.261091+02","b31ca361-1745-4fac-8e6b-a97ec99bf476","2026-05-15 10:57:44.620506+02"
47,"Image Format Rendering Cost (Headful Browser)",208,"Render WebP","phase_time_syscall_system",26364750,"us","TOTAL","https://github.com/green-coding-solutions/green-ai-training","main","benchmarks/image-formats/usage_scenario-headful.yml","Load WebP image page",12,"GUI Applications (DVFS OFF, TB OFF, HT OFF) - TX1330 M3 [PREMIUM]","2026-09-07 12:02:50.261091+02","b31ca361-1745-4fac-8e6b-a97ec99bf476","2026-05-15 10:57:44.620506+02"
47,"Image Format Rendering Cost (Headful Browser)",208,"Render WebP","psu_energy_ac_mcp_machine",951472128,"uJ","TOTAL","https://github.com/green-coding-solutions/green-ai-training","main","benchmarks/image-formats/usage_scenario-headful.yml","Load WebP image page",12,"GUI Applications (DVFS OFF, TB OFF, HT OFF) - TX1330 M3 [PREMIUM]","2026-09-07 12:02:50.261091+02","b31ca361-1745-4fac-8e6b-a97ec99bf476","2026-05-15 10:57:44.620506+02"
47,"Image Format Rendering Cost (Headful Browser)",209,"Render All Formats [ALL]","cpu_energy_rapl_msr_component",774363465,"uJ","TOTAL","https://github.com/green-coding-solutions/green-ai-training","main","benchmarks/image-formats/usage_scenario-headful.yml","[RUNTIME]",12,"GUI Applications (DVFS OFF, TB OFF, HT OFF) - TX1330 M3 [PREMIUM]","2026-09-07 12:02:50.261091+02","b31ca361-1745-4fac-8e6b-a97ec99bf476","2026-05-15 10:57:44.620506+02"
47,"Image Format Rendering Cost (Headful Browser)",209,"Render All Formats [ALL]","custom_image_page_load",250,"Image Page Loads","TOTAL","https://github.com/green-coding-solutions/green-ai-training","main","benchmarks/image-formats/usage_scenario-headful.yml","[RUNTIME]",12,"GUI Applications (DVFS OFF, TB OFF, HT OFF) - TX1330 M3 [PREMIUM]","2026-09-07 12:02:50.261091+02","b31ca361-1745-4fac-8e6b-a97ec99bf476","2026-05-15 10:57:44.620506+02"
47,"Image Format Rendering Cost (Headful Browser)",209,"Render All Formats [ALL]","custom_image_page_load_sci_global",12815,"ugCO2e/Image Page Loads","TOTAL","https://github.com/green-coding-solutions/green-ai-training","main","benchmarks/image-formats/usage_scenario-headful.yml","[RUNTIME]",12,"GUI Applications (DVFS OFF, TB OFF, HT OFF) - TX1330 M3 [PREMIUM]","2026-09-07 12:02:50.261091+02","b31ca361-1745-4fac-8e6b-a97ec99bf476","2026-05-15 10:57:44.620506+02"
47,"Image Format Rendering Cost (Headful Browser)",209,"Render All Formats [ALL]","phase_time_syscall_system",133754731,"us","TOTAL","https://github.com/green-coding-solutions/green-ai-training","main","benchmarks/image-formats/usage_scenario-headful.yml","[RUNTIME]",12,"GUI Applications (DVFS OFF, TB OFF, HT OFF) - TX1330 M3 [PREMIUM]","2026-09-07 12:02:50.261091+02","b31ca361-1745-4fac-8e6b-a97ec99bf476","2026-05-15 10:57:44.620506+02"
47,"Image Format Rendering Cost (Headful Browser)",209,"Render All Formats [ALL]","psu_energy_ac_mcp_machine",4837452706,"uJ","TOTAL","https://github.com/green-coding-solutions/green-ai-training","main","benchmarks/image-formats/usage_scenario-headful.yml","[RUNTIME]",12,"GUI Applications (DVFS OFF, TB OFF, HT OFF) - TX1330 M3 [PREMIUM]","2026-09-07 12:02:50.261091+02","b31ca361-1745-4fac-8e6b-a97ec99bf476","2026-05-15 10:57:44.620506+02"
48,"Python",210,"Attribute Lookup - Cached Local","cpu_energy_rapl_msr_component",30605811,"uJ","TOTAL","https://github.com/green-coding-solutions/green-ai-training","main","benchmarks/python/usage_scenario-attr-lookup-cached.yml","Benchmark",6,"Micro Benchmarking (DVFS OFF, TB OFF, HT OFF) - TX1330 M2 [PREMIUM]","2026-09-07 12:02:50.261091+02","a9155140-fa91-43ef-90da-fa8c4711224b","2026-07-14 22:38:04.110719+02"
48,"Python",210,"Attribute Lookup - Cached Local","custom_iterations",10000000,"iterations","TOTAL","https://github.com/green-coding-solutions/green-ai-training","main","benchmarks/python/usage_scenario-attr-lookup-cached.yml","Benchmark",6,"Micro Benchmarking (DVFS OFF, TB OFF, HT OFF) - TX1330 M2 [PREMIUM]","2026-09-07 12:02:50.261091+02","a9155140-fa91-43ef-90da-fa8c4711224b","2026-07-14 22:38:04.110719+02"
48,"Python",210,"Attribute Lookup - Cached Local","phase_time_syscall_system",5081000,"us","TOTAL","https://github.com/green-coding-solutions/green-ai-training","main","benchmarks/python/usage_scenario-attr-lookup-cached.yml","Benchmark",6,"Micro Benchmarking (DVFS OFF, TB OFF, HT OFF) - TX1330 M2 [PREMIUM]","2026-09-07 12:02:50.261091+02","a9155140-fa91-43ef-90da-fa8c4711224b","2026-07-14 22:38:04.110719+02"
48,"Python",211,"Attribute Lookup - Repeated","cpu_energy_rapl_msr_component",32030260,"uJ","TOTAL","https://github.com/green-coding-solutions/green-ai-training","main","benchmarks/python/usage_scenario-attr-lookup-repeated.yml","Benchmark",6,"Micro Benchmarking (DVFS OFF, TB OFF, HT OFF) - TX1330 M2 [PREMIUM]","2026-09-07 12:02:50.261091+02","349ba1de-3013-4ceb-b793-8abe687a8912","2026-07-14 19:07:19.044137+02"
48,"Python",211,"Attribute Lookup - Repeated","custom_iterations",10000000,"iterations","TOTAL","https://github.com/green-coding-solutions/green-ai-training","main","benchmarks/python/usage_scenario-attr-lookup-repeated.yml","Benchmark",6,"Micro Benchmarking (DVFS OFF, TB OFF, HT OFF) - TX1330 M2 [PREMIUM]","2026-09-07 12:02:50.261091+02","349ba1de-3013-4ceb-b793-8abe687a8912","2026-07-14 19:07:19.044137+02"
48,"Python",211,"Attribute Lookup - Repeated","phase_time_syscall_system",5385187,"us","TOTAL","https://github.com/green-coding-solutions/green-ai-training","main","benchmarks/python/usage_scenario-attr-lookup-repeated.yml","Benchmark",6,"Micro Benchmarking (DVFS OFF, TB OFF, HT OFF) - TX1330 M2 [PREMIUM]","2026-09-07 12:02:50.261091+02","349ba1de-3013-4ceb-b793-8abe687a8912","2026-07-14 19:07:19.044137+02"
48,"Python",212,"Exception Flow - if key in dict","cpu_energy_rapl_msr_component",6802588,"uJ","TOTAL","https://github.com/green-coding-solutions/green-ai-training","main","benchmarks/python/usage_scenario-exception-flow-branch.yml","Benchmark",6,"Micro Benchmarking (DVFS OFF, TB OFF, HT OFF) - TX1330 M2 [PREMIUM]","2026-09-07 12:02:50.261091+02","8f054455-adbc-402d-b593-0191d1061cd8","2026-07-14 17:38:45.571127+02"
48,"Python",212,"Exception Flow - if key in dict","custom_dict_lookups",1000000,"dict lookups","TOTAL","https://github.com/green-coding-solutions/green-ai-training","main","benchmarks/python/usage_scenario-exception-flow-branch.yml","Benchmark",6,"Micro Benchmarking (DVFS OFF, TB OFF, HT OFF) - TX1330 M2 [PREMIUM]","2026-09-07 12:02:50.261091+02","8f054455-adbc-402d-b593-0191d1061cd8","2026-07-14 17:38:45.571127+02"
48,"Python",212,"Exception Flow - if key in dict","phase_time_syscall_system",1174002,"us","TOTAL","https://github.com/green-coding-solutions/green-ai-training","main","benchmarks/python/usage_scenario-exception-flow-branch.yml","Benchmark",6,"Micro Benchmarking (DVFS OFF, TB OFF, HT OFF) - TX1330 M2 [PREMIUM]","2026-09-07 12:02:50.261091+02","8f054455-adbc-402d-b593-0191d1061cd8","2026-07-14 17:38:45.571127+02"
48,"Python",213,"Exception Flow - dict.get()","cpu_energy_rapl_msr_component",67150413,"uJ","TOTAL","https://github.com/green-coding-solutions/green-ai-training","main","benchmarks/python/usage_scenario-exception-flow-dict-get.yml","Benchmark",6,"Micro Benchmarking (DVFS OFF, TB OFF, HT OFF) - TX1330 M2 [PREMIUM]","2026-09-07 12:02:50.261091+02","4753302a-710f-4132-8001-9da3ba960d13","2026-07-14 20:43:04.4869+02"
48,"Python",213,"Exception Flow - dict.get()","custom_dict_lookups",10000000,"dict lookups","TOTAL","https://github.com/green-coding-solutions/green-ai-training","main","benchmarks/python/usage_scenario-exception-flow-dict-get.yml","Benchmark",6,"Micro Benchmarking (DVFS OFF, TB OFF, HT OFF) - TX1330 M2 [PREMIUM]","2026-09-07 12:02:50.261091+02","4753302a-710f-4132-8001-9da3ba960d13","2026-07-14 20:43:04.4869+02"
48,"Python",213,"Exception Flow - dict.get()","phase_time_syscall_system",11188838,"us","TOTAL","https://github.com/green-coding-solutions/green-ai-training","main","benchmarks/python/usage_scenario-exception-flow-dict-get.yml","Benchmark",6,"Micro Benchmarking (DVFS OFF, TB OFF, HT OFF) - TX1330 M2 [PREMIUM]","2026-09-07 12:02:50.261091+02","4753302a-710f-4132-8001-9da3ba960d13","2026-07-14 20:43:04.4869+02"
48,"Python",214,"Exception Flow - try/except KeyError","cpu_energy_rapl_msr_component",76328935,"uJ","TOTAL","https://github.com/green-coding-solutions/green-ai-training","main","benchmarks/python/usage_scenario-exception-flow-exception.yml","Benchmark",6,"Micro Benchmarking (DVFS OFF, TB OFF, HT OFF) - TX1330 M2 [PREMIUM]","2026-09-07 12:02:50.261091+02","d7ded3f2-f9e7-4781-905e-9782a8305b8f","2026-07-14 19:32:17.816483+02"
48,"Python",214,"Exception Flow - try/except KeyError","custom_dict_lookups",10000000,"dict lookups","TOTAL","https://github.com/green-coding-solutions/green-ai-training","main","benchmarks/python/usage_scenario-exception-flow-exception.yml","Benchmark",6,"Micro Benchmarking (DVFS OFF, TB OFF, HT OFF) - TX1330 M2 [PREMIUM]","2026-09-07 12:02:50.261091+02","d7ded3f2-f9e7-4781-905e-9782a8305b8f","2026-07-14 19:32:17.816483+02"
48,"Python",214,"Exception Flow - try/except KeyError","phase_time_syscall_system",12572852,"us","TOTAL","https://github.com/green-coding-solutions/green-ai-training","main","benchmarks/python/usage_scenario-exception-flow-exception.yml","Benchmark",6,"Micro Benchmarking (DVFS OFF, TB OFF, HT OFF) - TX1330 M2 [PREMIUM]","2026-09-07 12:02:50.261091+02","d7ded3f2-f9e7-4781-905e-9782a8305b8f","2026-07-14 19:32:17.816483+02"
48,"Python",215,"HTTP Requests - Async (httpx)","cpu_energy_rapl_msr_component",8391353,"uJ","TOTAL","https://github.com/green-coding-solutions/green-ai-training","main","benchmarks/python/usage_scenario-http-requests-async.yml","Benchmark",6,"Micro Benchmarking (DVFS OFF, TB OFF, HT OFF) - TX1330 M2 [PREMIUM]","2026-09-07 12:02:50.261091+02","6415cccb-ad1a-4d87-ae46-92740c5e285b","2026-07-14 21:36:41.124646+02"
48,"Python",215,"HTTP Requests - Async (httpx)","custom_http_requests",10,"http requests","TOTAL","https://github.com/green-coding-solutions/green-ai-training","main","benchmarks/python/usage_scenario-http-requests-async.yml","Benchmark",6,"Micro Benchmarking (DVFS OFF, TB OFF, HT OFF) - TX1330 M2 [PREMIUM]","2026-09-07 12:02:50.261091+02","6415cccb-ad1a-4d87-ae46-92740c5e285b","2026-07-14 21:36:41.124646+02"
48,"Python",215,"HTTP Requests - Async (httpx)","phase_time_syscall_system",2587817,"us","TOTAL","https://github.com/green-coding-solutions/green-ai-training","main","benchmarks/python/usage_scenario-http-requests-async.yml","Benchmark",6,"Micro Benchmarking (DVFS OFF, TB OFF, HT OFF) - TX1330 M2 [PREMIUM]","2026-09-07 12:02:50.261091+02","6415cccb-ad1a-4d87-ae46-92740c5e285b","2026-07-14 21:36:41.124646+02"
48,"Python",216,"HTTP Requests - Sync (urllib)","cpu_energy_rapl_msr_component",9055051,"uJ","TOTAL","https://github.com/green-coding-solutions/green-ai-training","main","benchmarks/python/usage_scenario-http-requests-sync.yml","Benchmark",6,"Micro Benchmarking (DVFS OFF, TB OFF, HT OFF) - TX1330 M2 [PREMIUM]","2026-09-07 12:02:50.261091+02","97acc9a0-3856-4bbb-b816-2b64030fba98","2026-07-14 20:04:50.990276+02"
48,"Python",216,"HTTP Requests - Sync (urllib)","custom_http_requests",10,"http requests","TOTAL","https://github.com/green-coding-solutions/green-ai-training","main","benchmarks/python/usage_scenario-http-requests-sync.yml","Benchmark",6,"Micro Benchmarking (DVFS OFF, TB OFF, HT OFF) - TX1330 M2 [PREMIUM]","2026-09-07 12:02:50.261091+02","97acc9a0-3856-4bbb-b816-2b64030fba98","2026-07-14 20:04:50.990276+02"
48,"Python",216,"HTTP Requests - Sync (urllib)","phase_time_syscall_system",3130806,"us","TOTAL","https://github.com/green-coding-solutions/green-ai-training","main","benchmarks/python/usage_scenario-http-requests-sync.yml","Benchmark",6,"Micro Benchmarking (DVFS OFF, TB OFF, HT OFF) - TX1330 M2 [PREMIUM]","2026-09-07 12:02:50.261091+02","97acc9a0-3856-4bbb-b816-2b64030fba98","2026-07-14 20:04:50.990276+02"
48,"Python",217,"Conditionals - If Statement (Simple)","cpu_energy_rapl_msr_component",45792445,"uJ","TOTAL","https://github.com/green-coding-solutions/green-ai-training","main","benchmarks/python/usage_scenario-if-statement.yml","Benchmark Simple",6,"Micro Benchmarking (DVFS OFF, TB OFF, HT OFF) - TX1330 M2 [PREMIUM]","2026-09-07 12:02:50.261091+02","123676d7-2121-4b9d-b78e-e065836fc608","2026-07-14 19:45:04.970509+02"
48,"Python",217,"Conditionals - If Statement (Simple)","custom_classifications",10000000,"classifications","TOTAL","https://github.com/green-coding-solutions/green-ai-training","main","benchmarks/python/usage_scenario-if-statement.yml","Benchmark Simple",6,"Micro Benchmarking (DVFS OFF, TB OFF, HT OFF) - TX1330 M2 [PREMIUM]","2026-09-07 12:02:50.261091+02","123676d7-2121-4b9d-b78e-e065836fc608","2026-07-14 19:45:04.970509+02"
48,"Python",217,"Conditionals - If Statement (Simple)","phase_time_syscall_system",7700527,"us","TOTAL","https://github.com/green-coding-solutions/green-ai-training","main","benchmarks/python/usage_scenario-if-statement.yml","Benchmark Simple",6,"Micro Benchmarking (DVFS OFF, TB OFF, HT OFF) - TX1330 M2 [PREMIUM]","2026-09-07 12:02:50.261091+02","123676d7-2121-4b9d-b78e-e065836fc608","2026-07-14 19:45:04.970509+02"
48,"Python",218,"Conditionals - If Statement (Complex)","cpu_energy_rapl_msr_component",54493425,"uJ","TOTAL","https://github.com/green-coding-solutions/green-ai-training","main","benchmarks/python/usage_scenario-if-statement.yml","Benchmark Complex",6,"Micro Benchmarking (DVFS OFF, TB OFF, HT OFF) - TX1330 M2 [PREMIUM]","2026-09-07 12:02:50.261091+02","123676d7-2121-4b9d-b78e-e065836fc608","2026-07-14 19:45:04.970509+02"
48,"Python",218,"Conditionals - If Statement (Complex)","custom_classifications",10000000,"classifications","TOTAL","https://github.com/green-coding-solutions/green-ai-training","main","benchmarks/python/usage_scenario-if-statement.yml","Benchmark Complex",6,"Micro Benchmarking (DVFS OFF, TB OFF, HT OFF) - TX1330 M2 [PREMIUM]","2026-09-07 12:02:50.261091+02","123676d7-2121-4b9d-b78e-e065836fc608","2026-07-14 19:45:04.970509+02"
48,"Python",218,"Conditionals - If Statement (Complex)","phase_time_syscall_system",9125133,"us","TOTAL","https://github.com/green-coding-solutions/green-ai-training","main","benchmarks/python/usage_scenario-if-statement.yml","Benchmark Complex",6,"Micro Benchmarking (DVFS OFF, TB OFF, HT OFF) - TX1330 M2 [PREMIUM]","2026-09-07 12:02:50.261091+02","123676d7-2121-4b9d-b78e-e065836fc608","2026-07-14 19:45:04.970509+02"
48,"Python",219,"Conditionals - Match Statement (Simple)","cpu_energy_rapl_msr_component",46443943,"uJ","TOTAL","https://github.com/green-coding-solutions/green-ai-training","main","benchmarks/python/usage_scenario-match-statement.yml","Benchmark Simple",6,"Micro Benchmarking (DVFS OFF, TB OFF, HT OFF) - TX1330 M2 [PREMIUM]","2026-09-07 12:02:50.261091+02","a7780e2a-2934-4d26-b2a9-2cda7848adc1","2026-07-14 22:11:06.154061+02"
48,"Python",219,"Conditionals - Match Statement (Simple)","custom_classifications",10000000,"classifications","TOTAL","https://github.com/green-coding-solutions/green-ai-training","main","benchmarks/python/usage_scenario-match-statement.yml","Benchmark Simple",6,"Micro Benchmarking (DVFS OFF, TB OFF, HT OFF) - TX1330 M2 [PREMIUM]","2026-09-07 12:02:50.261091+02","a7780e2a-2934-4d26-b2a9-2cda7848adc1","2026-07-14 22:11:06.154061+02"
48,"Python",219,"Conditionals - Match Statement (Simple)","phase_time_syscall_system",7722780,"us","TOTAL","https://github.com/green-coding-solutions/green-ai-training","main","benchmarks/python/usage_scenario-match-statement.yml","Benchmark Simple",6,"Micro Benchmarking (DVFS OFF, TB OFF, HT OFF) - TX1330 M2 [PREMIUM]","2026-09-07 12:02:50.261091+02","a7780e2a-2934-4d26-b2a9-2cda7848adc1","2026-07-14 22:11:06.154061+02"
48,"Python",220,"Conditionals - Match Statement (Complex)","cpu_energy_rapl_msr_component",54898174,"uJ","TOTAL","https://github.com/green-coding-solutions/green-ai-training","main","benchmarks/python/usage_scenario-match-statement.yml","Benchmark Complex",6,"Micro Benchmarking (DVFS OFF, TB OFF, HT OFF) - TX1330 M2 [PREMIUM]","2026-09-07 12:02:50.261091+02","a7780e2a-2934-4d26-b2a9-2cda7848adc1","2026-07-14 22:11:06.154061+02"
48,"Python",220,"Conditionals - Match Statement (Complex)","custom_classifications",10000000,"classifications","TOTAL","https://github.com/green-coding-solutions/green-ai-training","main","benchmarks/python/usage_scenario-match-statement.yml","Benchmark Complex",6,"Micro Benchmarking (DVFS OFF, TB OFF, HT OFF) - TX1330 M2 [PREMIUM]","2026-09-07 12:02:50.261091+02","a7780e2a-2934-4d26-b2a9-2cda7848adc1","2026-07-14 22:11:06.154061+02"
48,"Python",220,"Conditionals - Match Statement (Complex)","phase_time_syscall_system",9160695,"us","TOTAL","https://github.com/green-coding-solutions/green-ai-training","main","benchmarks/python/usage_scenario-match-statement.yml","Benchmark Complex",6,"Micro Benchmarking (DVFS OFF, TB OFF, HT OFF) - TX1330 M2 [PREMIUM]","2026-09-07 12:02:50.261091+02","a7780e2a-2934-4d26-b2a9-2cda7848adc1","2026-07-14 22:11:06.154061+02"
48,"Python",221,"Import Styles - Namespace (import posix)","cpu_energy_rapl_msr_component",121226746,"uJ","TOTAL","https://github.com/green-coding-solutions/green-ai-training","main","benchmarks/python/usage_scenario-import-namespace.yml","Benchmark import posix",6,"Micro Benchmarking (DVFS OFF, TB OFF, HT OFF) - TX1330 M2 [PREMIUM]","2026-09-07 12:02:50.261091+02","a347d140-8e85-456b-bf57-f8c77373c8fa","2026-07-14 22:42:07.472409+02"
48,"Python",221,"Import Styles - Namespace (import posix)","custom_import_operations",1000,"import operations","TOTAL","https://github.com/green-coding-solutions/green-ai-training","main","benchmarks/python/usage_scenario-import-namespace.yml","Benchmark import posix",6,"Micro Benchmarking (DVFS OFF, TB OFF, HT OFF) - TX1330 M2 [PREMIUM]","2026-09-07 12:02:50.261091+02","a347d140-8e85-456b-bf57-f8c77373c8fa","2026-07-14 22:42:07.472409+02"
48,"Python",221,"Import Styles - Namespace (import posix)","phase_time_syscall_system",20834294,"us","TOTAL","https://github.com/green-coding-solutions/green-ai-training","main","benchmarks/python/usage_scenario-import-namespace.yml","Benchmark import posix",6,"Micro Benchmarking (DVFS OFF, TB OFF, HT OFF) - TX1330 M2 [PREMIUM]","2026-09-07 12:02:50.261091+02","a347d140-8e85-456b-bf57-f8c77373c8fa","2026-07-14 22:42:07.472409+02"
48,"Python",222,"Import Styles - Namespace (import posix)",,,,,"https://github.com/green-coding-solutions/green-ai-training","main","benchmarks/python/usage_scenario-import-namespace.yml","Benchmark import posix",13,"High Performance (DVFS OFF, TB OFF, HT OFF) - TX1330 M4 [PREMIUM]","2026-09-07 12:02:50.261091+02","01dcb1c9-8746-457f-8cc7-bc24b1e00818","2026-06-10 15:19:53.974688+02"
48,"Python",223,"Import Styles - Namespace (import sympy)","cpu_energy_rapl_msr_component",3092784298,"uJ","TOTAL","https://github.com/green-coding-solutions/green-ai-training","main","benchmarks/python/usage_scenario-import-namespace.yml","Benchmark import sympy",6,"Micro Benchmarking (DVFS OFF, TB OFF, HT OFF) - TX1330 M2 [PREMIUM]","2026-09-07 12:02:50.261091+02","a347d140-8e85-456b-bf57-f8c77373c8fa","2026-07-14 22:42:07.472409+02"
48,"Python",223,"Import Styles - Namespace (import sympy)","custom_import_operations",1000,"import operations","TOTAL","https://github.com/green-coding-solutions/green-ai-training","main","benchmarks/python/usage_scenario-import-namespace.yml","Benchmark import sympy",6,"Micro Benchmarking (DVFS OFF, TB OFF, HT OFF) - TX1330 M2 [PREMIUM]","2026-09-07 12:02:50.261091+02","a347d140-8e85-456b-bf57-f8c77373c8fa","2026-07-14 22:42:07.472409+02"
48,"Python",223,"Import Styles - Namespace (import sympy)","phase_time_syscall_system",540846266,"us","TOTAL","https://github.com/green-coding-solutions/green-ai-training","main","benchmarks/python/usage_scenario-import-namespace.yml","Benchmark import sympy",6,"Micro Benchmarking (DVFS OFF, TB OFF, HT OFF) - TX1330 M2 [PREMIUM]","2026-09-07 12:02:50.261091+02","a347d140-8e85-456b-bf57-f8c77373c8fa","2026-07-14 22:42:07.472409+02"
48,"Python",224,"Import Styles - Namespace (import sympy)",,,,,"https://github.com/green-coding-solutions/green-ai-training","main","benchmarks/python/usage_scenario-import-namespace.yml","Benchmark import sympy",13,"High Performance (DVFS OFF, TB OFF, HT OFF) - TX1330 M4 [PREMIUM]","2026-09-07 12:02:50.261091+02","01dcb1c9-8746-457f-8cc7-bc24b1e00818","2026-06-10 15:19:53.974688+02"
48,"Python",225,"Import Styles - Star (import posix)","cpu_energy_rapl_msr_component",121398750,"uJ","TOTAL","https://github.com/green-coding-solutions/green-ai-training","main","benchmarks/python/usage_scenario-import-star.yml","Benchmark import posix",6,"Micro Benchmarking (DVFS OFF, TB OFF, HT OFF) - TX1330 M2 [PREMIUM]","2026-09-07 12:02:50.261091+02","b8705e55-3144-4871-8d37-0835189905ae","2026-07-14 21:52:02.038531+02"
48,"Python",225,"Import Styles - Star (import posix)","custom_import_operations",1000,"import operations","TOTAL","https://github.com/green-coding-solutions/green-ai-training","main","benchmarks/python/usage_scenario-import-star.yml","Benchmark import posix",6,"Micro Benchmarking (DVFS OFF, TB OFF, HT OFF) - TX1330 M2 [PREMIUM]","2026-09-07 12:02:50.261091+02","b8705e55-3144-4871-8d37-0835189905ae","2026-07-14 21:52:02.038531+02"
48,"Python",225,"Import Styles - Star (import posix)","phase_time_syscall_system",20953441,"us","TOTAL","https://github.com/green-coding-solutions/green-ai-training","main","benchmarks/python/usage_scenario-import-star.yml","Benchmark import posix",6,"Micro Benchmarking (DVFS OFF, TB OFF, HT OFF) - TX1330 M2 [PREMIUM]","2026-09-07 12:02:50.261091+02","b8705e55-3144-4871-8d37-0835189905ae","2026-07-14 21:52:02.038531+02"
48,"Python",226,"Import Styles - Star (import posix)","cpu_energy_rapl_msr_component",193544555,"uJ","TOTAL","https://github.com/green-coding-solutions/green-ai-training","main","benchmarks/python/usage_scenario-import-star.yml","Benchmark import posix",13,"High Performance (DVFS OFF, TB OFF, HT OFF) - TX1330 M4 [PREMIUM]","2026-09-07 12:02:50.261091+02","2454b963-8e2c-4f8c-956f-fb6f8334c9cd","2026-06-22 23:17:32.190485+02"
48,"Python",226,"Import Styles - Star (import posix)","custom_import_operations",1000,"import operations","TOTAL","https://github.com/green-coding-solutions/green-ai-training","main","benchmarks/python/usage_scenario-import-star.yml","Benchmark import posix",13,"High Performance (DVFS OFF, TB OFF, HT OFF) - TX1330 M4 [PREMIUM]","2026-09-07 12:02:50.261091+02","2454b963-8e2c-4f8c-956f-fb6f8334c9cd","2026-06-22 23:17:32.190485+02"
48,"Python",226,"Import Styles - Star (import posix)","custom_import_operations_sci_global",70,"ugCO2e/import operations","TOTAL","https://github.com/green-coding-solutions/green-ai-training","main","benchmarks/python/usage_scenario-import-star.yml","Benchmark import posix",13,"High Performance (DVFS OFF, TB OFF, HT OFF) - TX1330 M4 [PREMIUM]","2026-09-07 12:02:50.261091+02","2454b963-8e2c-4f8c-956f-fb6f8334c9cd","2026-06-22 23:17:32.190485+02"
48,"Python",226,"Import Styles - Star (import posix)","phase_time_syscall_system",11925646,"us","TOTAL","https://github.com/green-coding-solutions/green-ai-training","main","benchmarks/python/usage_scenario-import-star.yml","Benchmark import posix",13,"High Performance (DVFS OFF, TB OFF, HT OFF) - TX1330 M4 [PREMIUM]","2026-09-07 12:02:50.261091+02","2454b963-8e2c-4f8c-956f-fb6f8334c9cd","2026-06-22 23:17:32.190485+02"
48,"Python",226,"Import Styles - Star (import posix)","psu_energy_ac_mcp_machine",447075008,"uJ","TOTAL","https://github.com/green-coding-solutions/green-ai-training","main","benchmarks/python/usage_scenario-import-star.yml","Benchmark import posix",13,"High Performance (DVFS OFF, TB OFF, HT OFF) - TX1330 M4 [PREMIUM]","2026-09-07 12:02:50.261091+02","2454b963-8e2c-4f8c-956f-fb6f8334c9cd","2026-06-22 23:17:32.190485+02"
48,"Python",227,"Import Styles - Star (import sympy)","cpu_energy_rapl_msr_component",3103283636,"uJ","TOTAL","https://github.com/green-coding-solutions/green-ai-training","main","benchmarks/python/usage_scenario-import-star.yml","Benchmark import sympy",6,"Micro Benchmarking (DVFS OFF, TB OFF, HT OFF) - TX1330 M2 [PREMIUM]","2026-09-07 12:02:50.261091+02","b8705e55-3144-4871-8d37-0835189905ae","2026-07-14 21:52:02.038531+02"
48,"Python",227,"Import Styles - Star (import sympy)","custom_import_operations",1000,"import operations","TOTAL","https://github.com/green-coding-solutions/green-ai-training","main","benchmarks/python/usage_scenario-import-star.yml","Benchmark import sympy",6,"Micro Benchmarking (DVFS OFF, TB OFF, HT OFF) - TX1330 M2 [PREMIUM]","2026-09-07 12:02:50.261091+02","b8705e55-3144-4871-8d37-0835189905ae","2026-07-14 21:52:02.038531+02"
48,"Python",227,"Import Styles - Star (import sympy)","phase_time_syscall_system",541341568,"us","TOTAL","https://github.com/green-coding-solutions/green-ai-training","main","benchmarks/python/usage_scenario-import-star.yml","Benchmark import sympy",6,"Micro Benchmarking (DVFS OFF, TB OFF, HT OFF) - TX1330 M2 [PREMIUM]","2026-09-07 12:02:50.261091+02","b8705e55-3144-4871-8d37-0835189905ae","2026-07-14 21:52:02.038531+02"
48,"Python",228,"Import Styles - Star (import sympy)","cpu_energy_rapl_msr_component",5019609591,"uJ","TOTAL","https://github.com/green-coding-solutions/green-ai-training","main","benchmarks/python/usage_scenario-import-star.yml","Benchmark import sympy",13,"High Performance (DVFS OFF, TB OFF, HT OFF) - TX1330 M4 [PREMIUM]","2026-09-07 12:02:50.261091+02","2454b963-8e2c-4f8c-956f-fb6f8334c9cd","2026-06-22 23:17:32.190485+02"
48,"Python",228,"Import Styles - Star (import sympy)","custom_import_operations",1000,"import operations","TOTAL","https://github.com/green-coding-solutions/green-ai-training","main","benchmarks/python/usage_scenario-import-star.yml","Benchmark import sympy",13,"High Performance (DVFS OFF, TB OFF, HT OFF) - TX1330 M4 [PREMIUM]","2026-09-07 12:02:50.261091+02","2454b963-8e2c-4f8c-956f-fb6f8334c9cd","2026-06-22 23:17:32.190485+02"
48,"Python",228,"Import Styles - Star (import sympy)","custom_import_operations_sci_global",1850,"ugCO2e/import operations","TOTAL","https://github.com/green-coding-solutions/green-ai-training","main","benchmarks/python/usage_scenario-import-star.yml","Benchmark import sympy",13,"High Performance (DVFS OFF, TB OFF, HT OFF) - TX1330 M4 [PREMIUM]","2026-09-07 12:02:50.261091+02","2454b963-8e2c-4f8c-956f-fb6f8334c9cd","2026-06-22 23:17:32.190485+02"
48,"Python",228,"Import Styles - Star (import sympy)","phase_time_syscall_system",322032898,"us","TOTAL","https://github.com/green-coding-solutions/green-ai-training","main","benchmarks/python/usage_scenario-import-star.yml","Benchmark import sympy",13,"High Performance (DVFS OFF, TB OFF, HT OFF) - TX1330 M4 [PREMIUM]","2026-09-07 12:02:50.261091+02","2454b963-8e2c-4f8c-956f-fb6f8334c9cd","2026-06-22 23:17:32.190485+02"
48,"Python",228,"Import Styles - Star (import sympy)","psu_energy_ac_mcp_machine",11841488268,"uJ","TOTAL","https://github.com/green-coding-solutions/green-ai-training","main","benchmarks/python/usage_scenario-import-star.yml","Benchmark import sympy",13,"High Performance (DVFS OFF, TB OFF, HT OFF) - TX1330 M4 [PREMIUM]","2026-09-07 12:02:50.261091+02","2454b963-8e2c-4f8c-956f-fb6f8334c9cd","2026-06-22 23:17:32.190485+02"
48,"Python",229,"List - .append()","cpu_energy_rapl_msr_component",1186170,"uJ","TOTAL","https://github.com/green-coding-solutions/green-ai-training","main","benchmarks/python/usage_scenario-list-append.yml","Benchmark",6,"Micro Benchmarking (DVFS OFF, TB OFF, HT OFF) - TX1330 M2 [PREMIUM]","2026-09-07 12:02:50.261091+02","75a7d151-3a7b-4575-b3e1-de125ce00d00","2026-07-14 15:18:49.310557+02"
48,"Python",229,"List - .append()","custom_list_operations",1000000,"list operations","TOTAL","https://github.com/green-coding-solutions/green-ai-training","main","benchmarks/python/usage_scenario-list-append.yml","Benchmark",6,"Micro Benchmarking (DVFS OFF, TB OFF, HT OFF) - TX1330 M2 [PREMIUM]","2026-09-07 12:02:50.261091+02","75a7d151-3a7b-4575-b3e1-de125ce00d00","2026-07-14 15:18:49.310557+02"
48,"Python",229,"List - .append()","phase_time_syscall_system",238094,"us","TOTAL","https://github.com/green-coding-solutions/green-ai-training","main","benchmarks/python/usage_scenario-list-append.yml","Benchmark",6,"Micro Benchmarking (DVFS OFF, TB OFF, HT OFF) - TX1330 M2 [PREMIUM]","2026-09-07 12:02:50.261091+02","75a7d151-3a7b-4575-b3e1-de125ce00d00","2026-07-14 15:18:49.310557+02"
48,"Python",230,"List - .insert(0, ...)","cpu_energy_rapl_msr_component",1515376793,"uJ","TOTAL","https://github.com/green-coding-solutions/green-ai-training","main","benchmarks/python/usage_scenario-list-insert.yml","Benchmark",6,"Micro Benchmarking (DVFS OFF, TB OFF, HT OFF) - TX1330 M2 [PREMIUM]","2026-09-07 12:02:50.261091+02","1da9c13d-364b-4f71-b23f-785bf1caeac8","2026-07-14 20:22:53.499975+02"
48,"Python",230,"List - .insert(0, ...)","custom_list_operations",1000000,"list operations","TOTAL","https://github.com/green-coding-solutions/green-ai-training","main","benchmarks/python/usage_scenario-list-insert.yml","Benchmark",6,"Micro Benchmarking (DVFS OFF, TB OFF, HT OFF) - TX1330 M2 [PREMIUM]","2026-09-07 12:02:50.261091+02","1da9c13d-364b-4f71-b23f-785bf1caeac8","2026-07-14 20:22:53.499975+02"
48,"Python",230,"List - .insert(0, ...)","phase_time_syscall_system",246226670,"us","TOTAL","https://github.com/green-coding-solutions/green-ai-training","main","benchmarks/python/usage_scenario-list-insert.yml","Benchmark",6,"Micro Benchmarking (DVFS OFF, TB OFF, HT OFF) - TX1330 M2 [PREMIUM]","2026-09-07 12:02:50.261091+02","1da9c13d-364b-4f71-b23f-785bf1caeac8","2026-07-14 20:22:53.499975+02"
48,"Python",231,"Membership - List","cpu_energy_rapl_msr_component",6890118,"uJ","TOTAL","https://github.com/green-coding-solutions/green-ai-training","main","benchmarks/python/usage_scenario-membership-list.yml","Benchmark",6,"Micro Benchmarking (DVFS OFF, TB OFF, HT OFF) - TX1330 M2 [PREMIUM]","2026-09-07 12:02:50.261091+02","70871c0f-e630-4755-a459-b98e5d4031f2","2026-07-14 19:19:45.575729+02"
48,"Python",231,"Membership - List","custom_elements_checked",10000000,"elements checked","TOTAL","https://github.com/green-coding-solutions/green-ai-training","main","benchmarks/python/usage_scenario-membership-list.yml","Benchmark",6,"Micro Benchmarking (DVFS OFF, TB OFF, HT OFF) - TX1330 M2 [PREMIUM]","2026-09-07 12:02:50.261091+02","70871c0f-e630-4755-a459-b98e5d4031f2","2026-07-14 19:19:45.575729+02"
48,"Python",231,"Membership - List","phase_time_syscall_system",1216227,"us","TOTAL","https://github.com/green-coding-solutions/green-ai-training","main","benchmarks/python/usage_scenario-membership-list.yml","Benchmark",6,"Micro Benchmarking (DVFS OFF, TB OFF, HT OFF) - TX1330 M2 [PREMIUM]","2026-09-07 12:02:50.261091+02","70871c0f-e630-4755-a459-b98e5d4031f2","2026-07-14 19:19:45.575729+02"
48,"Python",232,"Membership - Set","cpu_energy_rapl_msr_component",10490718,"uJ","TOTAL","https://github.com/green-coding-solutions/green-ai-training","main","benchmarks/python/usage_scenario-membership-set.yml","Benchmark",6,"Micro Benchmarking (DVFS OFF, TB OFF, HT OFF) - TX1330 M2 [PREMIUM]","2026-09-07 12:02:50.261091+02","722fea72-6f69-4acb-8ce7-632caeb444f4","2026-07-14 19:11:25.233254+02"
48,"Python",232,"Membership - Set","custom_elements_checked",10000000,"elements checked","TOTAL","https://github.com/green-coding-solutions/green-ai-training","main","benchmarks/python/usage_scenario-membership-set.yml","Benchmark",6,"Micro Benchmarking (DVFS OFF, TB OFF, HT OFF) - TX1330 M2 [PREMIUM]","2026-09-07 12:02:50.261091+02","722fea72-6f69-4acb-8ce7-632caeb444f4","2026-07-14 19:11:25.233254+02"
48,"Python",232,"Membership - Set","phase_time_syscall_system",1909988,"us","TOTAL","https://github.com/green-coding-solutions/green-ai-training","main","benchmarks/python/usage_scenario-membership-set.yml","Benchmark",6,"Micro Benchmarking (DVFS OFF, TB OFF, HT OFF) - TX1330 M2 [PREMIUM]","2026-09-07 12:02:50.261091+02","722fea72-6f69-4acb-8ce7-632caeb444f4","2026-07-14 19:11:25.233254+02"
48,"Python",233,"PyTorch Inference with no_grad() - 10k","cpu_energy_rapl_msr_component",25362183,"uJ","TOTAL","https://github.com/green-coding-solutions/green-ai-training","main","benchmarks/python/usage_scenario-pytorch-no-grad.yml","Benchmark 10k",6,"Micro Benchmarking (DVFS OFF, TB OFF, HT OFF) - TX1330 M2 [PREMIUM]","2026-09-07 12:02:50.261091+02","7e6a3886-425a-4992-9f14-180bede2d841","2026-07-14 16:25:00.470659+02"
48,"Python",233,"PyTorch Inference with no_grad() - 10k","custom_inferences",10000,"inferences","TOTAL","https://github.com/green-coding-solutions/green-ai-training","main","benchmarks/python/usage_scenario-pytorch-no-grad.yml","Benchmark 10k",6,"Micro Benchmarking (DVFS OFF, TB OFF, HT OFF) - TX1330 M2 [PREMIUM]","2026-09-07 12:02:50.261091+02","7e6a3886-425a-4992-9f14-180bede2d841","2026-07-14 16:25:00.470659+02"
48,"Python",233,"PyTorch Inference with no_grad() - 10k","phase_time_syscall_system",3807425,"us","TOTAL","https://github.com/green-coding-solutions/green-ai-training","main","benchmarks/python/usage_scenario-pytorch-no-grad.yml","Benchmark 10k",6,"Micro Benchmarking (DVFS OFF, TB OFF, HT OFF) - TX1330 M2 [PREMIUM]","2026-09-07 12:02:50.261091+02","7e6a3886-425a-4992-9f14-180bede2d841","2026-07-14 16:25:00.470659+02"
48,"Python",234,"PyTorch Inference with no_grad() - 100k","cpu_energy_rapl_msr_component",135326771,"uJ","TOTAL","https://github.com/green-coding-solutions/green-ai-training","main","benchmarks/python/usage_scenario-pytorch-no-grad.yml","Benchmark 100k",6,"Micro Benchmarking (DVFS OFF, TB OFF, HT OFF) - TX1330 M2 [PREMIUM]","2026-09-07 12:02:50.261091+02","7e6a3886-425a-4992-9f14-180bede2d841","2026-07-14 16:25:00.470659+02"
48,"Python",234,"PyTorch Inference with no_grad() - 100k","custom_inferences",100000,"inferences","TOTAL","https://github.com/green-coding-solutions/green-ai-training","main","benchmarks/python/usage_scenario-pytorch-no-grad.yml","Benchmark 100k",6,"Micro Benchmarking (DVFS OFF, TB OFF, HT OFF) - TX1330 M2 [PREMIUM]","2026-09-07 12:02:50.261091+02","7e6a3886-425a-4992-9f14-180bede2d841","2026-07-14 16:25:00.470659+02"
48,"Python",234,"PyTorch Inference with no_grad() - 100k","phase_time_syscall_system",16554392,"us","TOTAL","https://github.com/green-coding-solutions/green-ai-training","main","benchmarks/python/usage_scenario-pytorch-no-grad.yml","Benchmark 100k",6,"Micro Benchmarking (DVFS OFF, TB OFF, HT OFF) - TX1330 M2 [PREMIUM]","2026-09-07 12:02:50.261091+02","7e6a3886-425a-4992-9f14-180bede2d841","2026-07-14 16:25:00.470659+02"
48,"Python",235,"PyTorch Inference without no_grad() - 10k","cpu_energy_rapl_msr_component",27745406,"uJ","TOTAL","https://github.com/green-coding-solutions/green-ai-training","main","benchmarks/python/usage_scenario-pytorch-without-no-grad.yml","Benchmark 10k",6,"Micro Benchmarking (DVFS OFF, TB OFF, HT OFF) - TX1330 M2 [PREMIUM]","2026-09-07 12:02:50.261091+02","42de8e68-4536-43f4-a9bd-427ec42affd1","2026-07-14 21:46:11.742539+02"
48,"Python",235,"PyTorch Inference without no_grad() - 10k","custom_inferences",10000,"inferences","TOTAL","https://github.com/green-coding-solutions/green-ai-training","main","benchmarks/python/usage_scenario-pytorch-without-no-grad.yml","Benchmark 10k",6,"Micro Benchmarking (DVFS OFF, TB OFF, HT OFF) - TX1330 M2 [PREMIUM]","2026-09-07 12:02:50.261091+02","42de8e68-4536-43f4-a9bd-427ec42affd1","2026-07-14 21:46:11.742539+02"
48,"Python",235,"PyTorch Inference without no_grad() - 10k","phase_time_syscall_system",4152718,"us","TOTAL","https://github.com/green-coding-solutions/green-ai-training","main","benchmarks/python/usage_scenario-pytorch-without-no-grad.yml","Benchmark 10k",6,"Micro Benchmarking (DVFS OFF, TB OFF, HT OFF) - TX1330 M2 [PREMIUM]","2026-09-07 12:02:50.261091+02","42de8e68-4536-43f4-a9bd-427ec42affd1","2026-07-14 21:46:11.742539+02"
48,"Python",236,"PyTorch Inference without no_grad() - 100k","cpu_energy_rapl_msr_component",157013163,"uJ","TOTAL","https://github.com/green-coding-solutions/green-ai-training","main","benchmarks/python/usage_scenario-pytorch-without-no-grad.yml","Benchmark 100k",6,"Micro Benchmarking (DVFS OFF, TB OFF, HT OFF) - TX1330 M2 [PREMIUM]","2026-09-07 12:02:50.261091+02","42de8e68-4536-43f4-a9bd-427ec42affd1","2026-07-14 21:46:11.742539+02"
48,"Python",236,"PyTorch Inference without no_grad() - 100k","custom_inferences",100000,"inferences","TOTAL","https://github.com/green-coding-solutions/green-ai-training","main","benchmarks/python/usage_scenario-pytorch-without-no-grad.yml","Benchmark 100k",6,"Micro Benchmarking (DVFS OFF, TB OFF, HT OFF) - TX1330 M2 [PREMIUM]","2026-09-07 12:02:50.261091+02","42de8e68-4536-43f4-a9bd-427ec42affd1","2026-07-14 21:46:11.742539+02"
48,"Python",236,"PyTorch Inference without no_grad() - 100k","phase_time_syscall_system",19518821,"us","TOTAL","https://github.com/green-coding-solutions/green-ai-training","main","benchmarks/python/usage_scenario-pytorch-without-no-grad.yml","Benchmark 100k",6,"Micro Benchmarking (DVFS OFF, TB OFF, HT OFF) - TX1330 M2 [PREMIUM]","2026-09-07 12:02:50.261091+02","42de8e68-4536-43f4-a9bd-427ec42affd1","2026-07-14 21:46:11.742539+02"
48,"Python",237,"Quantize - Numba (JIT compiled)","cpu_energy_rapl_msr_component",9477117,"uJ","TOTAL","https://github.com/green-coding-solutions/green-ai-training","main","benchmarks/python/usage_scenario-quantize-numba.yml","Benchmark",6,"Micro Benchmarking (DVFS OFF, TB OFF, HT OFF) - TX1330 M2 [PREMIUM]","2026-09-07 12:02:50.261091+02","2b9e7f88-4aad-42ee-a9e6-25ff4e6ea712","2026-07-14 21:26:16.319478+02"
48,"Python",237,"Quantize - Numba (JIT compiled)","custom_samples",10000000,"samples","TOTAL","https://github.com/green-coding-solutions/green-ai-training","main","benchmarks/python/usage_scenario-quantize-numba.yml","Benchmark",6,"Micro Benchmarking (DVFS OFF, TB OFF, HT OFF) - TX1330 M2 [PREMIUM]","2026-09-07 12:02:50.261091+02","2b9e7f88-4aad-42ee-a9e6-25ff4e6ea712","2026-07-14 21:26:16.319478+02"
48,"Python",237,"Quantize - Numba (JIT compiled)","phase_time_syscall_system",1680644,"us","TOTAL","https://github.com/green-coding-solutions/green-ai-training","main","benchmarks/python/usage_scenario-quantize-numba.yml","Benchmark",6,"Micro Benchmarking (DVFS OFF, TB OFF, HT OFF) - TX1330 M2 [PREMIUM]","2026-09-07 12:02:50.261091+02","2b9e7f88-4aad-42ee-a9e6-25ff4e6ea712","2026-07-14 21:26:16.319478+02"
48,"Python",238,"Quantize - NumPy (pure Python loop)","cpu_energy_rapl_msr_component",40177271,"uJ","TOTAL","https://github.com/green-coding-solutions/green-ai-training","main","benchmarks/python/usage_scenario-quantize-numpy.yml","Benchmark",6,"Micro Benchmarking (DVFS OFF, TB OFF, HT OFF) - TX1330 M2 [PREMIUM]","2026-09-07 12:02:50.261091+02","dc2ed71b-e8ed-48d5-be04-0dd9dfe1443f","2026-07-14 16:42:22.649498+02"
48,"Python",238,"Quantize - NumPy (pure Python loop)","custom_samples",10000000,"samples","TOTAL","https://github.com/green-coding-solutions/green-ai-training","main","benchmarks/python/usage_scenario-quantize-numpy.yml","Benchmark",6,"Micro Benchmarking (DVFS OFF, TB OFF, HT OFF) - TX1330 M2 [PREMIUM]","2026-09-07 12:02:50.261091+02","dc2ed71b-e8ed-48d5-be04-0dd9dfe1443f","2026-07-14 16:42:22.649498+02"
48,"Python",238,"Quantize - NumPy (pure Python loop)","phase_time_syscall_system",6679172,"us","TOTAL","https://github.com/green-coding-solutions/green-ai-training","main","benchmarks/python/usage_scenario-quantize-numpy.yml","Benchmark",6,"Micro Benchmarking (DVFS OFF, TB OFF, HT OFF) - TX1330 M2 [PREMIUM]","2026-09-07 12:02:50.261091+02","dc2ed71b-e8ed-48d5-be04-0dd9dfe1443f","2026-07-14 16:42:22.649498+02"
48,"Python",239,"Regex - Inline (cache active)","cpu_energy_rapl_msr_component",21376614,"uJ","TOTAL","https://github.com/green-coding-solutions/green-ai-training","main","benchmarks/python/usage_scenario-regex-inline.yml","Benchmark",6,"Micro Benchmarking (DVFS OFF, TB OFF, HT OFF) - TX1330 M2 [PREMIUM]","2026-09-07 12:02:50.261091+02","3827c15a-4295-44a4-8025-a07e8653ab7e","2026-07-14 21:22:09.695471+02"
48,"Python",239,"Regex - Inline (cache active)","custom_regex_matches",1000000,"regex matches","TOTAL","https://github.com/green-coding-solutions/green-ai-training","main","benchmarks/python/usage_scenario-regex-inline.yml","Benchmark",6,"Micro Benchmarking (DVFS OFF, TB OFF, HT OFF) - TX1330 M2 [PREMIUM]","2026-09-07 12:02:50.261091+02","3827c15a-4295-44a4-8025-a07e8653ab7e","2026-07-14 21:22:09.695471+02"
48,"Python",239,"Regex - Inline (cache active)","phase_time_syscall_system",3584967,"us","TOTAL","https://github.com/green-coding-solutions/green-ai-training","main","benchmarks/python/usage_scenario-regex-inline.yml","Benchmark",6,"Micro Benchmarking (DVFS OFF, TB OFF, HT OFF) - TX1330 M2 [PREMIUM]","2026-09-07 12:02:50.261091+02","3827c15a-4295-44a4-8025-a07e8653ab7e","2026-07-14 21:22:09.695471+02"
48,"Python",240,"Regex - Precompiled","cpu_energy_rapl_msr_component",17573137,"uJ","TOTAL","https://github.com/green-coding-solutions/green-ai-training","main","benchmarks/python/usage_scenario-regex-precompiled.yml","Benchmark",6,"Micro Benchmarking (DVFS OFF, TB OFF, HT OFF) - TX1330 M2 [PREMIUM]","2026-09-07 12:02:50.261091+02","b7a9f0bd-c9e0-4b95-9bda-e8a96f38020c","2026-07-14 18:00:19.463293+02"
48,"Python",240,"Regex - Precompiled","custom_regex_matches",1000000,"regex matches","TOTAL","https://github.com/green-coding-solutions/green-ai-training","main","benchmarks/python/usage_scenario-regex-precompiled.yml","Benchmark",6,"Micro Benchmarking (DVFS OFF, TB OFF, HT OFF) - TX1330 M2 [PREMIUM]","2026-09-07 12:02:50.261091+02","b7a9f0bd-c9e0-4b95-9bda-e8a96f38020c","2026-07-14 18:00:19.463293+02"
48,"Python",240,"Regex - Precompiled","phase_time_syscall_system",3013940,"us","TOTAL","https://github.com/green-coding-solutions/green-ai-training","main","benchmarks/python/usage_scenario-regex-precompiled.yml","Benchmark",6,"Micro Benchmarking (DVFS OFF, TB OFF, HT OFF) - TX1330 M2 [PREMIUM]","2026-09-07 12:02:50.261091+02","b7a9f0bd-c9e0-4b95-9bda-e8a96f38020c","2026-07-14 18:00:19.463293+02"
48,"Python",241,"Regex - Forced Recompile","cpu_energy_rapl_msr_component",43172426,"uJ","TOTAL","https://github.com/green-coding-solutions/green-ai-training","main","benchmarks/python/usage_scenario-regex-recompile.yml","Benchmark",6,"Micro Benchmarking (DVFS OFF, TB OFF, HT OFF) - TX1330 M2 [PREMIUM]","2026-09-07 12:02:50.261091+02","f3e0434d-744b-41a0-a0cc-9bf00d80500d","2026-07-14 16:20:48.157878+02"
48,"Python",241,"Regex - Forced Recompile","custom_regex_matches",10000,"regex matches","TOTAL","https://github.com/green-coding-solutions/green-ai-training","main","benchmarks/python/usage_scenario-regex-recompile.yml","Benchmark",6,"Micro Benchmarking (DVFS OFF, TB OFF, HT OFF) - TX1330 M2 [PREMIUM]","2026-09-07 12:02:50.261091+02","f3e0434d-744b-41a0-a0cc-9bf00d80500d","2026-07-14 16:20:48.157878+02"
48,"Python",241,"Regex - Forced Recompile","phase_time_syscall_system",7261641,"us","TOTAL","https://github.com/green-coding-solutions/green-ai-training","main","benchmarks/python/usage_scenario-regex-recompile.yml","Benchmark",6,"Micro Benchmarking (DVFS OFF, TB OFF, HT OFF) - TX1330 M2 [PREMIUM]","2026-09-07 12:02:50.261091+02","f3e0434d-744b-41a0-a0cc-9bf00d80500d","2026-07-14 16:20:48.157878+02"
48,"Python",242,"Caching - Repeated Computation (uncached)","cpu_energy_rapl_msr_component",43298438,"uJ","TOTAL","https://github.com/green-coding-solutions/green-ai-training","main","benchmarks/python/usage_scenario-repeated-computation.yml","Benchmark",6,"Micro Benchmarking (DVFS OFF, TB OFF, HT OFF) - TX1330 M2 [PREMIUM]","2026-09-07 12:02:50.261091+02","ddf98f50-15ee-48e2-ab38-cc89acc88142","2026-07-14 21:01:13.616217+02"
48,"Python",242,"Caching - Repeated Computation (uncached)","custom_computations",1000000,"computations","TOTAL","https://github.com/green-coding-solutions/green-ai-training","main","benchmarks/python/usage_scenario-repeated-computation.yml","Benchmark",6,"Micro Benchmarking (DVFS OFF, TB OFF, HT OFF) - TX1330 M2 [PREMIUM]","2026-09-07 12:02:50.261091+02","ddf98f50-15ee-48e2-ab38-cc89acc88142","2026-07-14 21:01:13.616217+02"
48,"Python",242,"Caching - Repeated Computation (uncached)","phase_time_syscall_system",7244386,"us","TOTAL","https://github.com/green-coding-solutions/green-ai-training","main","benchmarks/python/usage_scenario-repeated-computation.yml","Benchmark",6,"Micro Benchmarking (DVFS OFF, TB OFF, HT OFF) - TX1330 M2 [PREMIUM]","2026-09-07 12:02:50.261091+02","ddf98f50-15ee-48e2-ab38-cc89acc88142","2026-07-14 21:01:13.616217+02"
48,"Python",243,"Caching - LRU Cache","cpu_energy_rapl_msr_component",4722097,"uJ","TOTAL","https://github.com/green-coding-solutions/green-ai-training","main","benchmarks/python/usage_scenario-repeated-computation-lru-cache.yml","Benchmark",6,"Micro Benchmarking (DVFS OFF, TB OFF, HT OFF) - TX1330 M2 [PREMIUM]","2026-09-07 12:02:50.261091+02","808b9a2c-1abf-4af5-9b04-3a6ce700fcdb","2026-07-14 17:46:54.595583+02"
48,"Python",243,"Caching - LRU Cache","custom_computations",1000000,"computations","TOTAL","https://github.com/green-coding-solutions/green-ai-training","main","benchmarks/python/usage_scenario-repeated-computation-lru-cache.yml","Benchmark",6,"Micro Benchmarking (DVFS OFF, TB OFF, HT OFF) - TX1330 M2 [PREMIUM]","2026-09-07 12:02:50.261091+02","808b9a2c-1abf-4af5-9b04-3a6ce700fcdb","2026-07-14 17:46:54.595583+02"
48,"Python",243,"Caching - LRU Cache","phase_time_syscall_system",841297,"us","TOTAL","https://github.com/green-coding-solutions/green-ai-training","main","benchmarks/python/usage_scenario-repeated-computation-lru-cache.yml","Benchmark",6,"Micro Benchmarking (DVFS OFF, TB OFF, HT OFF) - TX1330 M2 [PREMIUM]","2026-09-07 12:02:50.261091+02","808b9a2c-1abf-4af5-9b04-3a6ce700fcdb","2026-07-14 17:46:54.595583+02"
48,"Python",244,"String Concatenation - f-string (optimized)","cpu_energy_rapl_msr_component",457061546,"uJ","TOTAL","https://github.com/green-coding-solutions/green-ai-training","main","benchmarks/python/usage_scenario-string-concat-fstring.yml","Benchmark",6,"Micro Benchmarking (DVFS OFF, TB OFF, HT OFF) - TX1330 M2 [PREMIUM]","2026-09-07 12:02:50.261091+02","2fca8771-9ad9-4ec0-b51f-2ee78ee20865","2026-07-14 20:35:45.496217+02"
48,"Python",244,"String Concatenation - f-string (optimized)","custom_string_concatenations",1000000,"string concatenations","TOTAL","https://github.com/green-coding-solutions/green-ai-training","main","benchmarks/python/usage_scenario-string-concat-fstring.yml","Benchmark",6,"Micro Benchmarking (DVFS OFF, TB OFF, HT OFF) - TX1330 M2 [PREMIUM]","2026-09-07 12:02:50.261091+02","2fca8771-9ad9-4ec0-b51f-2ee78ee20865","2026-07-14 20:35:45.496217+02"
48,"Python",244,"String Concatenation - f-string (optimized)","phase_time_syscall_system",81542267,"us","TOTAL","https://github.com/green-coding-solutions/green-ai-training","main","benchmarks/python/usage_scenario-string-concat-fstring.yml","Benchmark",6,"Micro Benchmarking (DVFS OFF, TB OFF, HT OFF) - TX1330 M2 [PREMIUM]","2026-09-07 12:02:50.261091+02","2fca8771-9ad9-4ec0-b51f-2ee78ee20865","2026-07-14 20:35:45.496217+02"
48,"Python",245,"String Concatenation - f-string (no_opt, 2nd ref)","cpu_energy_rapl_msr_component",454798082,"uJ","TOTAL","https://github.com/green-coding-solutions/green-ai-training","main","benchmarks/python/usage_scenario-string-concat-fstring.yml","Benchmark no_opt",6,"Micro Benchmarking (DVFS OFF, TB OFF, HT OFF) - TX1330 M2 [PREMIUM]","2026-09-07 12:02:50.261091+02","2fca8771-9ad9-4ec0-b51f-2ee78ee20865","2026-07-14 20:35:45.496217+02"
48,"Python",245,"String Concatenation - f-string (no_opt, 2nd ref)","custom_string_concatenations",1000000,"string concatenations","TOTAL","https://github.com/green-coding-solutions/green-ai-training","main","benchmarks/python/usage_scenario-string-concat-fstring.yml","Benchmark no_opt",6,"Micro Benchmarking (DVFS OFF, TB OFF, HT OFF) - TX1330 M2 [PREMIUM]","2026-09-07 12:02:50.261091+02","2fca8771-9ad9-4ec0-b51f-2ee78ee20865","2026-07-14 20:35:45.496217+02"
48,"Python",245,"String Concatenation - f-string (no_opt, 2nd ref)","phase_time_syscall_system",80717491,"us","TOTAL","https://github.com/green-coding-solutions/green-ai-training","main","benchmarks/python/usage_scenario-string-concat-fstring.yml","Benchmark no_opt",6,"Micro Benchmarking (DVFS OFF, TB OFF, HT OFF) - TX1330 M2 [PREMIUM]","2026-09-07 12:02:50.261091+02","2fca8771-9ad9-4ec0-b51f-2ee78ee20865","2026-07-14 20:35:45.496217+02"
48,"Python",246,"String Concatenation - join() (optimized)","cpu_energy_rapl_msr_component",1417046,"uJ","TOTAL","https://github.com/green-coding-solutions/green-ai-training","main","benchmarks/python/usage_scenario-string-concat-join.yml","Benchmark",6,"Micro Benchmarking (DVFS OFF, TB OFF, HT OFF) - TX1330 M2 [PREMIUM]","2026-09-07 12:02:50.261091+02","527c0154-dbb1-4c82-b98f-838f994af603","2026-07-14 22:06:46.079545+02"
48,"Python",246,"String Concatenation - join() (optimized)","custom_string_concatenations",1000000,"string concatenations","TOTAL","https://github.com/green-coding-solutions/green-ai-training","main","benchmarks/python/usage_scenario-string-concat-join.yml","Benchmark",6,"Micro Benchmarking (DVFS OFF, TB OFF, HT OFF) - TX1330 M2 [PREMIUM]","2026-09-07 12:02:50.261091+02","527c0154-dbb1-4c82-b98f-838f994af603","2026-07-14 22:06:46.079545+02"
48,"Python",246,"String Concatenation - join() (optimized)","phase_time_syscall_system",272844,"us","TOTAL","https://github.com/green-coding-solutions/green-ai-training","main","benchmarks/python/usage_scenario-string-concat-join.yml","Benchmark",6,"Micro Benchmarking (DVFS OFF, TB OFF, HT OFF) - TX1330 M2 [PREMIUM]","2026-09-07 12:02:50.261091+02","527c0154-dbb1-4c82-b98f-838f994af603","2026-07-14 22:06:46.079545+02"
48,"Python",247,"String Concatenation - join() (no_opt, 2nd ref)","cpu_energy_rapl_msr_component",1813775,"uJ","TOTAL","https://github.com/green-coding-solutions/green-ai-training","main","benchmarks/python/usage_scenario-string-concat-join.yml","Benchmark no_opt",6,"Micro Benchmarking (DVFS OFF, TB OFF, HT OFF) - TX1330 M2 [PREMIUM]","2026-09-07 12:02:50.261091+02","527c0154-dbb1-4c82-b98f-838f994af603","2026-07-14 22:06:46.079545+02"
48,"Python",247,"String Concatenation - join() (no_opt, 2nd ref)","custom_string_concatenations",1000000,"string concatenations","TOTAL","https://github.com/green-coding-solutions/green-ai-training","main","benchmarks/python/usage_scenario-string-concat-join.yml","Benchmark no_opt",6,"Micro Benchmarking (DVFS OFF, TB OFF, HT OFF) - TX1330 M2 [PREMIUM]","2026-09-07 12:02:50.261091+02","527c0154-dbb1-4c82-b98f-838f994af603","2026-07-14 22:06:46.079545+02"
48,"Python",247,"String Concatenation - join() (no_opt, 2nd ref)","phase_time_syscall_system",332888,"us","TOTAL","https://github.com/green-coding-solutions/green-ai-training","main","benchmarks/python/usage_scenario-string-concat-join.yml","Benchmark no_opt",6,"Micro Benchmarking (DVFS OFF, TB OFF, HT OFF) - TX1330 M2 [PREMIUM]","2026-09-07 12:02:50.261091+02","527c0154-dbb1-4c82-b98f-838f994af603","2026-07-14 22:06:46.079545+02"
48,"Python",248,"String Concatenation - += (optimized)","cpu_energy_rapl_msr_component",472342209,"uJ","TOTAL","https://github.com/green-coding-solutions/green-ai-training","main","benchmarks/python/usage_scenario-string-concat-plus.yml","Benchmark",6,"Micro Benchmarking (DVFS OFF, TB OFF, HT OFF) - TX1330 M2 [PREMIUM]","2026-09-07 12:02:50.261091+02","732b88b3-e081-409d-a987-d1a929b357e4","2026-07-14 15:06:49.674677+02"
48,"Python",248,"String Concatenation - += (optimized)","custom_string_concatenations",1000000,"string concatenations","TOTAL","https://github.com/green-coding-solutions/green-ai-training","main","benchmarks/python/usage_scenario-string-concat-plus.yml","Benchmark",6,"Micro Benchmarking (DVFS OFF, TB OFF, HT OFF) - TX1330 M2 [PREMIUM]","2026-09-07 12:02:50.261091+02","732b88b3-e081-409d-a987-d1a929b357e4","2026-07-14 15:06:49.674677+02"
48,"Python",248,"String Concatenation - += (optimized)","phase_time_syscall_system",81185202,"us","TOTAL","https://github.com/green-coding-solutions/green-ai-training","main","benchmarks/python/usage_scenario-string-concat-plus.yml","Benchmark",6,"Micro Benchmarking (DVFS OFF, TB OFF, HT OFF) - TX1330 M2 [PREMIUM]","2026-09-07 12:02:50.261091+02","732b88b3-e081-409d-a987-d1a929b357e4","2026-07-14 15:06:49.674677+02"
48,"Python",249,"String Concatenation - += (no_opt, 2nd ref)","cpu_energy_rapl_msr_component",469143846,"uJ","TOTAL","https://github.com/green-coding-solutions/green-ai-training","main","benchmarks/python/usage_scenario-string-concat-plus.yml","Benchmark no_opt",6,"Micro Benchmarking (DVFS OFF, TB OFF, HT OFF) - TX1330 M2 [PREMIUM]","2026-09-07 12:02:50.261091+02","732b88b3-e081-409d-a987-d1a929b357e4","2026-07-14 15:06:49.674677+02"
48,"Python",249,"String Concatenation - += (no_opt, 2nd ref)","custom_string_concatenations",1000000,"string concatenations","TOTAL","https://github.com/green-coding-solutions/green-ai-training","main","benchmarks/python/usage_scenario-string-concat-plus.yml","Benchmark no_opt",6,"Micro Benchmarking (DVFS OFF, TB OFF, HT OFF) - TX1330 M2 [PREMIUM]","2026-09-07 12:02:50.261091+02","732b88b3-e081-409d-a987-d1a929b357e4","2026-07-14 15:06:49.674677+02"
48,"Python",249,"String Concatenation - += (no_opt, 2nd ref)","phase_time_syscall_system",79689235,"us","TOTAL","https://github.com/green-coding-solutions/green-ai-training","main","benchmarks/python/usage_scenario-string-concat-plus.yml","Benchmark no_opt",6,"Micro Benchmarking (DVFS OFF, TB OFF, HT OFF) - TX1330 M2 [PREMIUM]","2026-09-07 12:02:50.261091+02","732b88b3-e081-409d-a987-d1a929b357e4","2026-07-14 15:06:49.674677+02"

